437039	1039	2.0
437039	1039	2.0
437039	4473	3.0
437039	1728	2.0
437039	3350	2.0
437039	1728	2.0
437039	3718	1.0
1360335	4913	1.0
1360335	4913	1.0
1360335	11529	3.0
1360335	11529	3.0
1360335	4929	2.0
1360335	4929	2.0
1360335	39455	2.0
3319244	1371	2.0
3319244	1367	1.0
3319244	11684	1.0
3319244	166	1.0
3319244	1356	3.0
3319244	8046	2.0
3319244	6194	1.0
4104458	2456	2.0
4104458	2456	2.0
4104458	2055	1.0
4104458	8147	2.0
4104458	4767	2.0
4104458	8146	2.0
4104458	8146	2.0
5860433	13238	2.0
5860433	6522	1.0
5860433	6522	1.0
5860433	17305	1.0
5860433	11798	1.0
5860433	15688	1.0
5860433	15688	1.0
6945700	2577	1.0
6945700	8146	1.0
6945700	392	1.0
6945700	392	1.0
6945700	4106	2.0
6945700	390	1.0
6945700	390	1.0
8296631	14750	1.0
8296631	2231	3.0
8296631	2243	5.0
8296631	2253	3.0
8296631	364	1.0
8296631	359	1.0
8296631	369	1.0
9695070	4929	1.0
9695070	9449	2.0
9695070	2779	1.0
9695070	2485	1.0
9695070	13606	2.0
9695070	645	1.0
9695070	35780	1.0
10080137	8146	2.0
10080137	1374	1.0
10080137	58601	1.0
10080137	6443	2.0
10080137	14985	1.0
10080137	2729	1.0
10080137	93662	2.0
10678420	1333	2.0
10678420	1333	2.0
10678420	4629	1.0
10678420	4629	1.0
10678420	1367	1.0
10678420	8263	1.0
10678420	1356	1.0
11960004	2456	5.0
11960004	523	1.0
11960004	2644	1.0
11960004	2055	1.0
11960004	6436	1.0
11960004	383	1.0
11960004	11524	1.0
13817054	1371	1.0
13817054	1367	2.0
13817054	1056	1.0
13817054	2897	2.0
13817054	1111	1.0
13817054	1428	2.0
13817054	5107	1.0
17929709	2644	2.0
17929709	2644	2.0
17929709	85	1.0
17929709	1039	2.0
17929709	11684	1.0
17929709	11684	1.0
17929709	12198	2.0
20163119	403	5.0
20163119	395	1.0
20163119	392	1.0
20163119	383	2.0
20163119	1883	4.0
20163119	80	1.0
20163119	5863	2.0
20520027	2253	2.0
20520027	340	2.0
20520027	2252	2.0
20520027	2252	2.0
20520027	340	2.0
20520027	2252	2.0
20520027	92916	1.0
21039974	2456	1.0
21039974	523	2.0
21039974	523	2.0
21039974	6346	1.0
21039974	6346	1.0
21039974	2055	1.0
21039974	2577	1.0
22994261	3336	2.0
22994261	59641	4.0
22994261	10412	5.0
22994261	59641	4.0
22994261	10412	5.0
22994261	75272	2.0
22994261	41616	2.0
23180180	17305	2.0
23180180	17305	2.0
23180180	6605	1.0
23180180	6605	1.0
23180180	4806	2.0
23180180	4806	2.0
23180180	6536	1.0
25665935	390	4.0
25665935	390	4.0
25665935	4047	2.0
25665935	4047	2.0
25665935	4086	2.0
25665935	4086	2.0
25665935	745	1.0
27614353	3520	4.0
27614353	4767	1.0
27614353	2508	1.0
27614353	2455	1.0
27614353	418	1.0
27614353	54	3.0
27614353	11524	1.0
28899189	523	5.0
28899189	523	5.0
28899189	92	1.0
28899189	92	1.0
28899189	857	2.0
28899189	857	2.0
28899189	2601	1.0
29052925	2644	3.0
29052925	2644	3.0
29052925	1405	1.0
29052925	1405	1.0
29052925	6442	3.0
29052925	6462	2.0
29052925	6462	2.0
29541245	92	1.0
29541245	3520	1.0
29541245	3520	1.0
29541245	4767	1.0
29541245	4767	1.0
29541245	8146	5.0
29541245	2744	2.0
30900723	7878	1.0
30900723	8270	2.0
30900723	8270	2.0
30900723	7686	1.0
30900723	7686	1.0
30900723	6565	1.0
30900723	6683	1.0
33364285	1371	2.0
33364285	4570	1.0
33364285	4570	1.0
33364285	166	2.0
33364285	5166	1.0
33364285	166	2.0
33364285	1350	2.0
35938722	1405	2.0
35938722	6442	1.0
35938722	6442	1.0
35938722	3951	1.0
35938722	15636	1.0
35938722	15636	1.0
35938722	8598	1.0
36590093	1089	2.0
36590093	1089	2.0
36590093	1356	1.0
36590093	1356	1.0
36590093	1040	3.0
36590093	2897	2.0
36590093	2897	2.0
37131788	2456	1.0
37131788	2055	1.0
37131788	2055	1.0
37131788	92	1.0
37131788	3520	1.0
37131788	3520	1.0
37131788	4767	1.0
38409441	1405	2.0
38409441	1405	2.0
38409441	6442	1.0
38409441	6442	1.0
38409441	6444	2.0
38409441	1613	2.0
38409441	6462	1.0
40624631	2456	2.0
40624631	2577	2.0
40624631	92	2.0
40624631	395	3.0
40624631	392	2.0
40624631	383	1.0
40624631	800	3.0
40998151	2133	1.0
40998151	1371	2.0
40998151	2218	5.0
40998151	13238	2.0
40998151	166	3.0
40998151	15711	2.0
40998151	17305	3.0
41095826	403	1.0
41095826	403	1.0
41095826	386	1.0
41095826	262	1.0
41095826	262	1.0
41095826	13629	1.0
41095826	1223	1.0
41384280	979	2.0
41384280	100596	3.0
41384280	69768	2.0
41384280	1755	1.0
41384280	69690	2.0
41384280	69741	2.0
41384280	17423	1.0
42568187	2456	1.0
42568187	2456	1.0
42568187	523	3.0
42568187	523	3.0
42568187	6346	2.0
42568187	6346	2.0
42568187	2644	1.0
44185852	2644	1.0
44185852	2644	1.0
44185852	1405	2.0
44185852	1405	2.0
44185852	6442	5.0
44185852	6442	5.0
44185852	6442	5.0
44421158	523	1.0
44421158	523	1.0
44421158	2145	1.0
44421158	2145	1.0
44421158	1631	2.0
44421158	1631	2.0
44421158	501	1.0
44829567	7878	2.0
44829567	1333	2.0
44829567	3675	3.0
44829567	8270	2.0
44829567	8263	2.0
44829567	166	2.0
44829567	1356	1.0
45904679	8270	1.0
45904679	8270	1.0
45904679	336	1.0
45904679	39164	3.0
45904679	39164	3.0
45904679	332	2.0
45904679	332	2.0
47821460	6463	1.0
47821460	2221	1.0
47821460	2221	1.0
47821460	13542	1.0
47821460	13542	1.0
47821460	331	1.0
47821460	330	1.0
49237446	1333	2.0
49237446	1333	2.0
49237446	4629	2.0
49237446	1367	1.0
49237446	1367	1.0
49237446	8046	2.0
49237446	8046	2.0
51566324	822	1.0
51566324	15711	1.0
51566324	15711	1.0
51566324	3336	2.0
51566324	15636	1.0
51566324	15636	1.0
51566324	58601	2.0
53793226	3520	1.0
53793226	3520	1.0
53793226	8146	2.0
53793226	382	1.0
53793226	2744	2.0
53793226	4106	2.0
53793226	4106	2.0
54310950	9439	2.0
54310950	7942	3.0
54310950	16979	1.0
54310950	9521	1.0
54310950	9523	2.0
54310950	331	1.0
54310950	334	1.0
54739677	2456	4.0
54739677	523	2.0
54739677	2055	5.0
54739677	2055	5.0
54739677	2577	1.0
54739677	2577	1.0
54739677	822	3.0
55659790	85	3.0
55659790	85	3.0
55659790	3675	5.0
55659790	3675	5.0
55659790	1039	2.0
55659790	1039	2.0
55659790	11684	2.0
57222798	366	3.0
57222798	336	3.0
57222798	336	3.0
57222798	1883	1.0
57222798	7935	1.0
57222798	1883	1.0
57222798	332	4.0
58413725	14333	1.0
58413725	2455	1.0
58413725	6285	1.0
58413725	11524	1.0
58413725	14330	1.0
58413725	8168	3.0
58413725	11394	1.0
60842448	2456	4.0
60842448	523	4.0
60842448	523	4.0
60842448	6346	2.0
60842448	2055	2.0
60842448	501	4.0
60842448	8270	1.0
61679073	85	2.0
61679073	85	2.0
61679073	37410	1.0
61679073	37410	1.0
61679073	1056	1.0
61679073	1056	1.0
61679073	7935	2.0
61883894	2456	2.0
61883894	2456	2.0
61883894	2145	1.0
61883894	2145	1.0
61883894	1613	4.0
61883894	1613	4.0
61883894	8270	2.0
62642623	2456	1.0
62642623	2456	1.0
62642623	2577	1.0
62642623	92	1.0
62642623	6285	1.0
62642623	501	1.0
62642623	501	1.0
62954197	523	2.0
62954197	2644	1.0
62954197	2133	1.0
62954197	822	2.0
62954197	1613	1.0
62954197	8146	2.0
62954197	1631	1.0
63816737	6536	2.0
63816737	7556	3.0
63816737	14999	1.0
63816737	44879	2.0
63816737	14988	2.0
63816737	15000	2.0
63816737	69802	1.0
64011398	6346	1.0
64011398	6346	1.0
64011398	85	1.0
64011398	8270	1.0
64011398	1039	5.0
64011398	1089	3.0
64011398	1089	3.0
64446084	395	5.0
64446084	395	5.0
64446084	403	1.0
64446084	403	1.0
64446084	212	1.0
64446084	212	1.0
64446084	382	5.0
64794806	1613	1.0
64794806	386	1.0
64794806	2218	3.0
64794806	18	1.0
64794806	8970	1.0
64794806	397	2.0
64794806	410	1.0
67724843	2456	1.0
67724843	2055	2.0
67724843	2145	1.0
67724843	1618	2.0
67724843	6454	1.0
67724843	11529	2.0
67724843	22825	5.0
68434138	769	1.0
68434138	758	2.0
68434138	758	2.0
68434138	41	1.0
68434138	313	1.0
68434138	313	1.0
68434138	326	1.0
70089197	523	4.0
70089197	523	4.0
70089197	2133	1.0
70089197	2133	1.0
70089197	501	1.0
70089197	501	1.0
70089197	2602	5.0
72748055	2055	3.0
72748055	822	2.0
72748055	2145	1.0
72748055	4767	3.0
72748055	2508	2.0
72748055	14333	2.0
72748055	6285	1.0
74885849	2577	1.0
74885849	2577	1.0
74885849	822	1.0
74885849	822	1.0
74885849	3520	5.0
74885849	3520	5.0
74885849	2508	4.0
75525164	1618	2.0
75525164	8263	1.0
75525164	8263	1.0
75525164	6194	1.0
75525164	6194	1.0
75525164	996	3.0
75525164	5579	2.0
75704319	2644	2.0
75704319	2644	2.0
75704319	1405	3.0
75704319	6442	1.0
75704319	6442	1.0
75704319	1613	3.0
75704319	1613	3.0
76610483	11529	1.0
76610483	11529	1.0
76610483	12198	2.0
76610483	12198	2.0
76610483	25038	1.0
76610483	25038	1.0
76610483	1051	2.0
79111010	1405	1.0
79111010	2218	2.0
79111010	2218	2.0
79111010	9429	1.0
79111010	9429	1.0
79111010	6605	4.0
79111010	4806	3.0
81736407	2644	3.0
81736407	2133	1.0
81736407	6442	4.0
81736407	6444	3.0
81736407	1613	2.0
81736407	6462	1.0
81736407	7878	1.0
82390766	85	2.0
82390766	85	2.0
82390766	1618	2.0
82390766	4913	3.0
82390766	4913	3.0
82390766	1367	1.0
82390766	1367	1.0
84580037	2486	3.0
84580037	16456	1.0
84580037	16456	1.0
84580037	4859	1.0
84580037	1851	1.0
84580037	29	5.0
84580037	1143	1.0
85925789	1040	1.0
85925789	1040	1.0
85925789	6465	3.0
85925789	6465	3.0
85925789	4	3.0
85925789	4	3.0
85925789	14163	2.0
87573380	2644	4.0
87573380	2644	4.0
87573380	1405	4.0
87573380	6454	3.0
87573380	2219	2.0
87573380	2219	2.0
87573380	6440	2.0
88341496	1089	1.0
88341496	1039	5.0
88341496	1089	1.0
88341496	37410	1.0
88341496	37410	1.0
88341496	1348	1.0
88341496	1348	1.0
90168528	8147	1.0
90168528	8147	1.0
90168528	6285	1.0
90168528	6285	1.0
90168528	2486	3.0
90168528	95	1.0
90168528	8168	5.0
91944213	4629	3.0
91944213	1348	5.0
91944213	166	3.0
91944213	1356	3.0
91944213	6194	1.0
91944213	8046	4.0
91944213	6605	3.0
92777567	6349	1.0
92777567	6605	1.0
92777567	4806	4.0
92777567	6536	1.0
92777567	1403	4.0
92777567	2173	1.0
92777567	46732	3.0
94833202	2456	1.0
94833202	2456	1.0
94833202	92	1.0
94833202	92	1.0
94833202	4913	3.0
94833202	4913	3.0
94833202	2486	3.0
95300745	2929	1.0
95300745	2929	1.0
95300745	1099	2.0
95300745	3631	2.0
95300745	3350	2.0
95300745	3350	2.0
95300745	2450	1.0
98070895	1405	2.0
98070895	1405	2.0
98070895	6442	2.0
98070895	6442	2.0
98070895	6462	3.0
98070895	6462	3.0
98070895	6463	2.0
99056903	2644	1.0
99056903	2644	1.0
99056903	2133	2.0
99056903	8146	1.0
99056903	8146	1.0
99056903	2744	1.0
99056903	2744	1.0
101786340	2577	2.0
101786340	403	1.0
101786340	395	3.0
101786340	395	3.0
101786340	403	1.0
101786340	386	2.0
101786340	382	5.0
103009204	2456	2.0
103009204	6346	2.0
103009204	2055	2.0
103009204	2055	2.0
103009204	2577	1.0
103009204	2577	1.0
103009204	822	2.0
103824384	3377	2.0
103824384	1728	2.0
103824384	3350	3.0
103824384	1728	2.0
103824384	3718	2.0
103824384	1091	1.0
103824384	81564	1.0
104038119	523	1.0
104038119	523	1.0
104038119	8147	3.0
104038119	395	1.0
104038119	395	1.0
104038119	1618	1.0
104038119	1618	1.0
104211177	382	1.0
104211177	1874	1.0
104211177	9439	1.0
104211177	16979	1.0
104211177	814	1.0
104211177	9521	1.0
104211177	9523	1.0
105056019	4570	3.0
105056019	5166	4.0
105056019	15636	2.0
105056019	8082	1.0
105056019	3165	2.0
105056019	3165	2.0
105056019	83699	3.0
106305762	2456	1.0
106305762	6346	1.0
106305762	6346	1.0
106305762	2577	2.0
106305762	822	1.0
106305762	822	1.0
106305762	92	1.0
106814840	822	2.0
106814840	2508	3.0
106814840	2508	3.0
106814840	14333	2.0
106814840	14333	2.0
106814840	2486	3.0
106814840	2486	3.0
106819600	2577	1.0
106819600	403	1.0
106819600	8146	2.0
106819600	85	2.0
106819600	85	2.0
106819600	857	1.0
106819600	857	1.0
108217161	403	3.0
108217161	403	3.0
108217161	395	5.0
108217161	382	5.0
108217161	392	3.0
108217161	386	2.0
108217161	392	3.0
108811598	822	3.0
108811598	85	2.0
108811598	2455	3.0
108811598	2455	3.0
108811598	6285	4.0
108811598	6285	4.0
108811598	1618	4.0
109925391	6285	1.0
109925391	9449	2.0
109925391	6605	1.0
109925391	2528	2.0
109925391	2443	2.0
109925391	9444	1.0
109925391	1822	2.0
111541712	1089	3.0
111541712	37410	1.0
111541712	1056	1.0
111541712	9429	3.0
111541712	1111	1.0
111541712	1057	1.0
111541712	7695	1.0
112811916	386	1.0
112811916	800	1.0
112811916	800	1.0
112811916	80	1.0
112811916	80	1.0
112811916	4086	1.0
112811916	4086	1.0
113431125	8270	2.0
113431125	1367	4.0
113431125	1348	1.0
113431125	7935	1.0
113431125	1356	2.0
113431125	6194	3.0
113431125	59706	3.0
114276750	1039	1.0
114276750	1089	2.0
114276750	1089	2.0
114276750	1039	1.0
114276750	37410	1.0
114276750	37410	1.0
114276750	1056	3.0
117077240	6442	1.0
117077240	6442	1.0
117077240	4570	1.0
117077240	8082	1.0
117077240	13264	1.0
117077240	13232	1.0
117077240	13264	1.0
118256082	1367	3.0
118256082	1348	3.0
118256082	166	1.0
118256082	1356	2.0
118256082	1350	2.0
118256082	8046	1.0
118256082	6194	1.0
119035697	6346	1.0
119035697	6346	1.0
119035697	2055	1.0
119035697	822	1.0
119035697	2145	1.0
119035697	2145	1.0
119035697	6349	1.0
119519711	403	2.0
119519711	418	1.0
119519711	54	3.0
119519711	1883	1.0
119519711	39164	4.0
119519711	1932	1.0
119519711	91	2.0
121815670	2456	1.0
121815670	2456	1.0
121815670	523	1.0
121815670	6346	4.0
121815670	92	2.0
121815670	6373	1.0
121815670	6373	1.0
123269169	769	1.0
123269169	769	1.0
123269169	41	1.0
123269169	4031	1.0
123269169	4031	1.0
123269169	2231	1.0
123269169	2243	1.0
124383980	3675	1.0
124383980	8270	1.0
124383980	1056	1.0
124383980	1056	1.0
124383980	2929	1.0
124383980	1073	1.0
124383980	1038	1.0
124917331	2456	1.0
124917331	2456	1.0
124917331	3520	3.0
124917331	3520	3.0
124917331	2508	3.0
124917331	2508	3.0
124917331	395	1.0
125178450	2456	1.0
125178450	2456	1.0
125178450	92	1.0
125178450	4767	1.0
125178450	4913	2.0
125178450	4913	2.0
125178450	383	1.0
126412232	25038	1.0
126412232	25038	1.0
126412232	12167	1.0
126412232	268532	2.0
126412232	116673	2.0
126412232	78779	1.0
126412232	78779	1.0
127578542	523	2.0
127578542	2145	1.0
127578542	8147	3.0
127578542	395	2.0
127578542	212	3.0
127578542	386	2.0
127578542	392	3.0
129994810	2508	4.0
129994810	382	2.0
129994810	2455	4.0
129994810	8168	2.0
129994810	3329	3.0
129994810	30614	1.0
129994810	4529	1.0
130596614	6444	1.0
130596614	979	4.0
130596614	1028	4.0
130596614	51894	1.0
130596614	69768	3.0
130596614	7908	1.0
130596614	69741	4.0
131105843	2456	2.0
131105843	523	1.0
131105843	1333	2.0
131105843	1333	2.0
131105843	386	2.0
131105843	386	2.0
131105843	1637	1.0
133705730	366	2.0
133705730	403	1.0
133705730	336	2.0
133705730	2486	1.0
133705730	54	2.0
133705730	3478	1.0
133705730	2161	3.0
135441539	2644	1.0
135441539	2133	2.0
135441539	1405	1.0
135441539	6442	4.0
135441539	6463	1.0
135441539	7878	3.0
135441539	2221	2.0
135807876	2218	1.0
135807876	5166	1.0
135807876	6605	4.0
135807876	4806	2.0
135807876	6536	2.0
135807876	14983	1.0
135807876	2173	5.0
136017293	386	3.0
136017293	386	3.0
136017293	4106	2.0
136017293	4106	2.0
136017293	769	1.0
136017293	769	1.0
136017293	11435	1.0
137056573	2456	2.0
137056573	2456	2.0
137056573	523	2.0
137056573	523	2.0
137056573	2577	3.0
137056573	2577	3.0
137056573	822	2.0
137481856	2055	2.0
137481856	3520	1.0
137481856	3520	1.0
137481856	4767	5.0
137481856	17305	2.0
137481856	17305	2.0
137481856	397	2.0
137819975	2133	1.0
137819975	58601	1.0
137819975	9444	2.0
137819975	14985	2.0
137819975	46517	1.0
137819975	15655	1.0
137819975	5184	3.0
140531272	2218	1.0
140531272	7942	2.0
140531272	9444	1.0
140531272	9504	2.0
140531272	5960	2.0
140531272	6022	1.0
140531272	9434	1.0
140921599	366	4.0
140921599	386	1.0
140921599	6285	1.0
140921599	336	3.0
140921599	336	3.0
140921599	18	1.0
140921599	18	1.0
142389604	386	1.0
142389604	386	1.0
142389604	336	1.0
142389604	2486	2.0
142389604	2486	2.0
142389604	418	1.0
142389604	18	1.0
142583614	523	1.0
142583614	2055	2.0
142583614	1618	2.0
142583614	6285	3.0
142583614	14330	1.0
142583614	2527	1.0
142583614	11394	3.0
142663078	2644	1.0
142663078	1405	4.0
142663078	6442	2.0
142663078	6442	2.0
142663078	6444	1.0
142663078	6444	1.0
142663078	6462	1.0
143776460	3520	3.0
143776460	2508	1.0
143776460	2508	1.0
143776460	11524	3.0
143776460	14330	1.0
143776460	14330	1.0
143776460	2527	4.0
144246678	366	1.0
144246678	336	1.0
144246678	54	2.0
144246678	332	1.0
144246678	332	1.0
144246678	13542	2.0
144246678	48	2.0
146271276	2456	5.0
146271276	6346	5.0
146271276	2577	5.0
146271276	822	5.0
146271276	822	5.0
146271276	2145	5.0
146271276	4767	5.0
147266188	3520	3.0
147266188	4106	2.0
147266188	2486	1.0
147266188	11524	1.0
147266188	11524	1.0
147266188	95	1.0
147266188	2527	1.0
147593092	2456	3.0
147593092	6346	2.0
147593092	2055	1.0
147593092	92	1.0
147593092	2145	1.0
147593092	4767	3.0
147593092	4767	3.0
149418065	2644	1.0
149418065	1613	2.0
149418065	1613	2.0
149418065	2221	2.0
149418065	6440	1.0
149418065	6440	1.0
149418065	6523	1.0
150599009	395	5.0
150599009	403	1.0
150599009	403	1.0
150599009	395	5.0
150599009	382	4.0
150599009	392	5.0
150599009	386	4.0
150888296	2644	1.0
150888296	1405	4.0
150888296	1613	1.0
150888296	6463	2.0
150888296	6463	2.0
150888296	7878	2.0
150888296	2221	2.0
153769261	8146	1.0
153769261	212	2.0
153769261	2744	2.0
153769261	380	1.0
153769261	399	1.0
153769261	1403	3.0
153769261	5603	1.0
153804831	54	2.0
153804831	54	2.0
153804831	95	1.0
153804831	95	1.0
153804831	11828	1.0
153804831	2779	1.0
153804831	14750	1.0
158633536	4106	1.0
158633536	4106	1.0
158633536	4913	1.0
158633536	1874	1.0
158633536	18828	1.0
158633536	28665	1.0
158633536	28665	1.0
158818608	6444	1.0
158818608	2221	1.0
158818608	8270	1.0
158818608	6436	1.0
158818608	1056	2.0
158818608	8263	4.0
158818608	1038	2.0
159349095	6346	2.0
159349095	2577	2.0
159349095	92	2.0
159349095	6362	1.0
159349095	4754	1.0
159349095	9449	3.0
159349095	6605	1.0
159619752	523	1.0
159619752	1631	1.0
159619752	4570	1.0
159619752	4570	1.0
159619752	1637	1.0
159619752	1637	1.0
159619752	5166	1.0
161982863	403	2.0
161982863	1883	2.0
161982863	48	1.0
161982863	48	1.0
161982863	7622	2.0
161982863	7622	2.0
161982863	933	3.0
163963095	3520	1.0
163963095	2744	2.0
163963095	6285	1.0
163963095	6285	1.0
163963095	14330	2.0
163963095	418	3.0
163963095	95	3.0
164379046	2455	2.0
164379046	6285	1.0
164379046	6285	1.0
164379046	2455	2.0
164379046	4913	1.0
164379046	14394	1.0
164379046	1874	1.0
164840308	6463	1.0
164840308	7867	2.0
164840308	7867	2.0
164840308	32218	1.0
164840308	32218	1.0
164840308	1120	4.0
164840308	31923	1.0
167392995	2456	2.0
167392995	2456	2.0
167392995	523	5.0
167392995	523	5.0
167392995	6346	3.0
167392995	2577	2.0
167392995	2577	2.0
168415832	1039	1.0
168415832	2929	4.0
168415832	6465	3.0
168415832	6465	3.0
168415832	14163	4.0
168415832	1118	5.0
168415832	1118	5.0
168659013	1618	2.0
168659013	14330	1.0
168659013	2527	2.0
168659013	14386	2.0
168659013	2515	1.0
168659013	1585	1.0
168659013	4677	1.0
169554145	501	1.0
169554145	2601	2.0
169554145	2601	2.0
169554145	1637	1.0
169554145	4754	1.0
169554145	4754	1.0
169554145	2779	1.0
170293684	1585	1.0
170293684	41	2.0
170293684	313	2.0
170293684	94	2.0
170293684	29	2.0
170293684	7622	2.0
170293684	1844	1.0
173804426	1039	1.0
173804426	1039	1.0
173804426	1056	2.0
173804426	1056	2.0
173804426	11684	1.0
173804426	11684	1.0
173804426	1073	1.0
178377805	2133	2.0
178377805	1405	1.0
178377805	6442	2.0
178377805	6463	1.0
178377805	7878	2.0
178377805	1333	2.0
178377805	1371	2.0
180120637	6442	2.0
180120637	6442	2.0
180120637	1371	4.0
180120637	1348	2.0
180120637	14983	1.0
180120637	7142	1.0
180120637	7142	1.0
183229903	1333	2.0
183229903	3675	2.0
183229903	8270	4.0
183229903	3675	2.0
183229903	1089	1.0
183229903	1089	1.0
183229903	37410	1.0
183335672	2455	2.0
183335672	2455	2.0
183335672	336	2.0
183335672	54	1.0
183335672	54	1.0
183335672	8168	1.0
183335672	8168	1.0
183755653	2744	1.0
183755653	1089	2.0
183755653	383	1.0
183755653	1056	1.0
183755653	11684	1.0
183755653	11684	1.0
183755653	3951	1.0
185391452	3520	1.0
185391452	8146	1.0
185391452	8146	1.0
185391452	395	1.0
185391452	395	1.0
185391452	14333	1.0
185391452	14333	1.0
186888688	2456	1.0
186888688	8147	1.0
186888688	2508	1.0
186888688	14333	1.0
186888688	2486	1.0
186888688	37410	1.0
186888688	66	3.0
188150437	2744	1.0
188150437	8270	1.0
188150437	3675	1.0
188150437	3675	1.0
188150437	37410	1.0
188150437	1883	2.0
188150437	4	1.0
188154936	2055	1.0
188154936	1631	1.0
188154936	1631	1.0
188154936	4913	3.0
188154936	4913	3.0
188154936	66	3.0
188154936	66	3.0
191153410	1039	2.0
191153410	37410	2.0
191153410	37410	2.0
191153410	1056	2.0
191153410	1056	2.0
191153410	5166	2.0
191153410	7935	1.0
192197998	11828	1.0
192197998	11828	1.0
192197998	30614	1.0
192197998	30614	1.0
192197998	13629	1.0
192197998	38417	2.0
192197998	38417	2.0
194437771	382	2.0
194437771	382	2.0
194437771	11529	1.0
194437771	11529	1.0
194437771	769	2.0
194437771	80	2.0
194437771	9449	1.0
197575184	8270	1.0
197575184	7935	1.0
197575184	7935	1.0
197575184	3951	1.0
197575184	3951	1.0
197575184	1038	2.0
197575184	1104	1.0
200780452	1333	1.0
200780452	1333	1.0
200780452	1371	1.0
200780452	1371	1.0
200780452	4629	1.0
200780452	1367	1.0
200780452	6194	2.0
200828703	85	1.0
200828703	85	1.0
200828703	3675	2.0
200828703	3675	2.0
200828703	8263	1.0
200828703	7935	1.0
200828703	7935	1.0
203490577	6442	2.0
203490577	6442	2.0
203490577	7878	3.0
203490577	1401	1.0
203490577	7867	2.0
203490577	1374	1.0
203490577	7556	2.0
207557800	395	2.0
207557800	392	2.0
207557800	392	2.0
207557800	1350	1.0
207557800	1419	2.0
207557800	1419	2.0
207557800	745	2.0
210083326	2456	2.0
210083326	2456	2.0
210083326	523	1.0
210083326	6346	3.0
210083326	2055	4.0
210083326	2055	4.0
210083326	2577	2.0
210345077	9429	1.0
210345077	9429	1.0
210345077	17353	1.0
210345077	17353	1.0
210345077	64428	2.0
210345077	51464	1.0
210345077	51464	1.0
213564264	395	2.0
213564264	386	1.0
213564264	392	5.0
213564264	382	3.0
213564264	386	1.0
213564264	336	1.0
213564264	336	1.0
214637321	2456	2.0
214637321	822	2.0
214637321	6285	2.0
214637321	6285	2.0
214637321	11828	1.0
214637321	11828	1.0
214637321	7942	2.0
215288393	1039	2.0
215288393	37410	4.0
215288393	37410	4.0
215288393	11684	2.0
215288393	1073	2.0
215288393	1073	2.0
215288393	1051	2.0
217910477	2644	5.0
217910477	2644	5.0
217910477	6462	1.0
217910477	6462	1.0
217910477	13238	1.0
217910477	13238	1.0
217910477	6522	2.0
218061567	2644	4.0
218061567	2644	4.0
218061567	2133	3.0
218061567	2133	3.0
218061567	1405	2.0
218061567	6442	2.0
218061567	6442	2.0
218064464	6346	1.0
218064464	6346	1.0
218064464	2644	1.0
218064464	2644	1.0
218064464	2133	2.0
218064464	2133	2.0
218064464	2508	1.0
218463836	2218	2.0
218463836	1367	4.0
218463836	1348	2.0
218463836	1348	2.0
218463836	5753	5.0
218463836	5753	4.0
218463836	1033	2.0
218499496	2644	1.0
218499496	2644	1.0
218499496	2133	1.0
218499496	6442	1.0
218499496	6442	1.0
218499496	7878	1.0
218499496	7878	1.0
219890852	8270	2.0
219890852	8270	2.0
219890852	4629	1.0
219890852	4629	1.0
219890852	12198	2.0
219890852	12198	2.0
219890852	4806	1.0
222004524	3675	2.0
222004524	8270	1.0
222004524	3675	2.0
222004524	8263	1.0
222004524	8263	1.0
222004524	7935	1.0
222004524	8251	1.0
222378418	2133	1.0
222378418	2133	1.0
222378418	4106	2.0
222378418	95	1.0
222378418	16516	1.0
222378418	16516	1.0
222378418	3703	1.0
224431266	11684	1.0
224431266	11684	1.0
224431266	6465	1.0
224431266	1046	2.0
224431266	3853	1.0
224431266	943	3.0
224431266	27258	2.0
226929971	14333	1.0
226929971	3478	2.0
226929971	9449	2.0
226929971	9439	3.0
226929971	7942	3.0
226929971	14336	1.0
226929971	16979	1.0
227960683	6444	5.0
227960683	6444	5.0
227960683	1371	2.0
227960683	1371	2.0
227960683	2219	1.0
227960683	2219	1.0
227960683	4570	2.0
229316012	3675	3.0
229316012	3675	3.0
229316012	7935	2.0
229316012	2929	2.0
229316012	8251	3.0
229316012	8251	3.0
229316012	7388	1.0
230202366	6721	2.0
230202366	8276	1.0
230202366	8276	1.0
230202366	3333	1.0
230202366	64429	1.0
230202366	64429	1.0
230202366	10534	5.0
230991131	1613	1.0
230991131	8270	2.0
230991131	8270	2.0
230991131	3675	2.0
230991131	8263	2.0
230991131	7935	2.0
230991131	7935	2.0
231544364	2456	2.0
231544364	366	2.0
231544364	366	2.0
231544364	6349	1.0
231544364	392	2.0
231544364	382	3.0
231544364	392	2.0
232242946	1089	1.0
232242946	37410	1.0
232242946	1056	1.0
232242946	1056	1.0
232242946	2929	1.0
232242946	2929	1.0
232242946	1040	2.0
232751507	85	1.0
232751507	85	1.0
232751507	3336	4.0
232751507	8970	5.0
232751507	10412	2.0
232751507	3912	1.0
232751507	59641	1.0
236182035	31923	3.0
236182035	1044	1.0
236182035	1044	1.0
236182035	268532	3.0
236182035	116673	4.0
236182035	268532	3.0
236182035	134868	1.0
236450846	1405	1.0
236450846	6442	2.0
236450846	1613	2.0
236450846	7878	3.0
236450846	2218	3.0
236450846	1401	1.0
236450846	4570	2.0
236570605	769	2.0
236570605	676	2.0
236570605	676	2.0
236570605	326	1.0
236570605	326	1.0
236570605	1669	3.0
236570605	1669	3.0
237224893	2456	3.0
237224893	2456	3.0
237224893	6346	2.0
237224893	8147	1.0
237224893	8147	1.0
237224893	2218	4.0
237224893	857	5.0
237975163	1405	2.0
237975163	1405	2.0
237975163	6444	5.0
237975163	1613	1.0
237975163	1613	1.0
237975163	6462	2.0
237975163	6463	3.0
240109597	6465	3.0
240109597	6465	3.0
240109597	812	1.0
240109597	14163	2.0
240109597	14163	2.0
240109597	696	1.0
240109597	696	1.0
240145386	2644	2.0
240145386	2055	1.0
240145386	2133	1.0
240145386	6444	1.0
240145386	2221	2.0
240145386	2218	1.0
240145386	2744	1.0
241132217	523	1.0
241132217	523	1.0
241132217	92	1.0
241132217	92	1.0
241132217	366	1.0
241132217	366	1.0
241132217	403	1.0
241487611	1886	1.0
241487611	1886	1.0
241487611	16456	2.0
241487611	1860	1.0
241487611	4859	3.0
241487611	4859	3.0
241487611	1860	1.0
244476424	2456	1.0
244476424	6346	1.0
244476424	1333	2.0
244476424	1371	3.0
244476424	4629	1.0
244476424	1367	2.0
244476424	9449	1.0
251054802	2456	1.0
251054802	2055	1.0
251054802	2055	1.0
251054802	1089	2.0
251054802	1089	2.0
251054802	1056	1.0
251054802	1056	1.0
251726835	523	2.0
251726835	6373	1.0
251726835	6373	1.0
251726835	3675	1.0
251726835	3675	1.0
251726835	1089	3.0
251726835	1643	2.0
252142872	366	2.0
252142872	395	2.0
252142872	386	1.0
252142872	418	1.0
252142872	9439	1.0
252142872	5863	1.0
252142872	16979	1.0
252265186	395	1.0
252265186	14333	2.0
252265186	386	1.0
252265186	382	3.0
252265186	418	1.0
252265186	95	1.0
252265186	1874	2.0
252501335	996	3.0
252501335	943	1.0
252501335	943	1.0
252501335	27258	1.0
252501335	27258	1.0
252501335	2184	3.0
252501335	696	1.0
252873224	506	2.0
252873224	506	2.0
252873224	11753	2.0
252873224	24694	2.0
252873224	18780	2.0
252873224	69596	2.0
252873224	74486	2.0
253845840	822	1.0
253845840	2508	1.0
253845840	14333	1.0
253845840	390	1.0
253845840	95	1.0
253845840	4047	1.0
253845840	4880	1.0
254308951	1333	1.0
254308951	1618	1.0
254308951	1618	1.0
254308951	166	1.0
254308951	17305	2.0
254308951	17305	2.0
254308951	996	1.0
255644847	1333	4.0
255644847	1333	4.0
255644847	1371	2.0
255644847	1371	2.0
255644847	4629	1.0
255644847	1367	2.0
255644847	1348	3.0
256580528	3520	1.0
256580528	3520	1.0
256580528	14333	2.0
256580528	392	1.0
256580528	392	1.0
256580528	4106	2.0
256580528	2455	1.0
257632389	2456	1.0
257632389	2456	1.0
257632389	2145	1.0
257632389	8147	1.0
257632389	366	1.0
257632389	366	1.0
257632389	2508	2.0
258454606	8147	1.0
258454606	8147	1.0
258454606	403	1.0
258454606	395	2.0
258454606	403	1.0
258454606	6373	1.0
258454606	6373	1.0
261131756	1333	2.0
261131756	1333	2.0
261131756	85	2.0
261131756	2455	2.0
261131756	8168	4.0
261131756	8168	4.0
261131756	11684	2.0
261897088	1371	3.0
261897088	1367	2.0
261897088	8046	1.0
261897088	5047	1.0
261897088	1358	2.0
261897088	955	2.0
261897088	17353	2.0
264490669	1333	5.0
264490669	4629	2.0
264490669	6605	1.0
264490669	1374	1.0
264490669	996	1.0
264490669	2173	2.0
264490669	4745	1.0
264664342	85	3.0
264664342	85	3.0
264664342	1089	1.0
264664342	1039	3.0
264664342	1089	1.0
264664342	37410	2.0
264664342	37410	2.0
265074500	2456	1.0
265074500	2456	1.0
265074500	6346	1.0
265074500	6346	1.0
265074500	2055	1.0
265074500	2055	1.0
265074500	822	1.0
266205636	1405	2.0
266205636	6439	1.0
266205636	6452	1.0
266205636	4929	1.0
266205636	39455	1.0
266205636	2459	2.0
266205636	15711	2.0
268687780	2644	2.0
268687780	1405	1.0
268687780	1405	1.0
268687780	2664	2.0
268687780	2664	2.0
268687780	6452	1.0
268687780	58601	1.0
270517831	1333	2.0
270517831	1333	2.0
270517831	4629	2.0
270517831	8046	2.0
270517831	6194	2.0
270517831	8046	2.0
270517831	59706	1.0
270684850	2456	1.0
270684850	6346	1.0
270684850	2577	1.0
270684850	8147	1.0
270684850	6463	1.0
270684850	8146	1.0
270684850	212	1.0
272533798	1405	2.0
272533798	366	2.0
272533798	403	1.0
272533798	14333	1.0
272533798	1401	3.0
272533798	4859	1.0
272533798	4529	5.0
272592018	2456	3.0
272592018	2456	3.0
272592018	523	5.0
272592018	523	5.0
272592018	6346	3.0
272592018	6346	3.0
272592018	2055	4.0
273552676	2644	1.0
273552676	2644	1.0
273552676	2133	2.0
273552676	3520	2.0
273552676	2508	1.0
273552676	14333	2.0
273552676	6436	2.0
273749013	2456	3.0
273749013	523	4.0
273749013	6346	2.0
273749013	2055	2.0
273749013	822	2.0
273749013	92	5.0
273749013	2145	1.0
275927531	66	1.0
275927531	11828	1.0
275927531	9439	1.0
275927531	16979	3.0
275927531	9504	1.0
275927531	9521	2.0
275927531	5960	1.0
276494969	1631	1.0
276494969	336	1.0
276494969	18	1.0
276494969	54	2.0
276494969	1637	1.0
276494969	4754	1.0
276494969	1883	2.0
277913113	523	2.0
277913113	2577	1.0
277913113	1631	3.0
277913113	3478	2.0
277913113	1356	1.0
277913113	11828	2.0
277913113	2485	4.0
279362609	4106	2.0
279362609	1874	1.0
279362609	18828	1.0
279362609	28349	2.0
279362609	814	1.0
279362609	11451	3.0
279362609	35780	2.0
281055401	2456	1.0
281055401	6346	1.0
281055401	6346	1.0
281055401	2644	1.0
281055401	2055	2.0
281055401	1405	1.0
281055401	1405	1.0
282025758	2485	2.0
282025758	2485	2.0
282025758	6465	1.0
282025758	6465	1.0
282025758	14163	1.0
282025758	14163	1.0
282025758	28690	3.0
282082594	85	1.0
282082594	85	1.0
282082594	3675	2.0
282082594	3675	2.0
282082594	8270	2.0
282082594	1348	1.0
282082594	1056	1.0
283599323	4767	2.0
283599323	4767	2.0
283599323	1089	1.0
283599323	37410	3.0
283599323	11684	1.0
283599323	11684	1.0
283599323	1640	3.0
284531721	3520	3.0
284531721	366	2.0
284531721	366	2.0
284531721	395	3.0
284531721	395	3.0
284531721	14333	5.0
284531721	382	2.0
284956264	6442	1.0
284956264	6442	1.0
284956264	366	1.0
284956264	366	1.0
284956264	7878	1.0
284956264	6285	1.0
284956264	6285	1.0
285073284	1405	2.0
285073284	6462	2.0
285073284	6463	1.0
285073284	2221	1.0
285073284	2218	2.0
285073284	1401	5.0
285073284	6454	2.0
285125616	3520	2.0
285125616	3520	2.0
285125616	3520	2.0
285125616	366	1.0
285125616	366	1.0
285125616	366	1.0
285125616	366	1.0
285764280	6444	1.0
285764280	6440	1.0
285764280	996	1.0
285764280	996	1.0
285764280	1341	1.0
285764280	1341	1.0
285764280	696	1.0
285834338	2486	2.0
285834338	418	2.0
285834338	418	2.0
285834338	1886	1.0
285834338	1886	1.0
285834338	16456	1.0
285834338	16456	1.0
292057977	1371	1.0
292057977	1367	2.0
292057977	1330	2.0
292057977	1330	2.0
292057977	1692	1.0
292057977	1692	1.0
292057977	3165	2.0
293216350	2133	1.0
293216350	2133	1.0
293216350	1405	1.0
293216350	1405	1.0
293216350	7878	1.0
293216350	7878	1.0
293216350	6536	1.0
295534873	2644	1.0
295534873	403	2.0
295534873	8146	4.0
295534873	386	1.0
295534873	4106	3.0
295534873	1874	3.0
295534873	14750	2.0
298212912	857	2.0
298212912	54	2.0
298212912	14330	2.0
298212912	4929	2.0
298212912	4677	1.0
298212912	14336	3.0
298212912	6275	2.0
298812816	366	4.0
298812816	857	1.0
298812816	2527	1.0
298812816	13238	2.0
298812816	332	5.0
298812816	812	1.0
298812816	397	3.0
300394979	2055	1.0
300394979	2055	1.0
300394979	1405	1.0
300394979	6462	1.0
300394979	6462	1.0
300394979	4106	1.0
300394979	2744	1.0
300468324	17305	2.0
300468324	6605	2.0
300468324	4806	1.0
300468324	4806	1.0
300468324	7556	1.0
300468324	14750	1.0
300468324	2173	1.0
300550770	395	2.0
300550770	395	2.0
300550770	382	2.0
300550770	392	1.0
300550770	2744	1.0
300550770	2486	2.0
300550770	2486	2.0
301273357	2456	2.0
301273357	2456	2.0
301273357	523	1.0
301273357	6346	2.0
301273357	6346	2.0
301273357	2055	5.0
301273357	2577	4.0
301634586	2456	1.0
301634586	2456	1.0
301634586	523	2.0
301634586	523	2.0
301634586	2577	1.0
301634586	822	1.0
301634586	6444	1.0
302929983	3339	1.0
302929983	17323	1.0
302929983	48934	4.0
302929983	48934	4.0
302929983	43718	5.0
302929983	7282	1.0
302929983	7282	1.0
303968898	1405	1.0
303968898	1613	2.0
303968898	4629	1.0
303968898	4629	1.0
303968898	9429	5.0
303968898	6432	2.0
303968898	9429	5.0
304521202	523	2.0
304521202	523	2.0
304521202	2133	2.0
304521202	6442	5.0
304521202	6442	5.0
304521202	92	1.0
304521202	6349	3.0
305198435	523	1.0
305198435	523	1.0
305198435	3520	1.0
305198435	8147	1.0
305198435	8147	1.0
305198435	2508	1.0
305198435	2508	1.0
306788131	1405	1.0
306788131	6442	1.0
306788131	6444	3.0
306788131	6444	3.0
306788131	6462	1.0
306788131	6463	3.0
306788131	7878	1.0
308069837	366	1.0
308069837	2455	1.0
308069837	6285	1.0
308069837	336	1.0
308069837	54	1.0
308069837	418	1.0
308069837	14394	1.0
308136695	6285	2.0
308136695	4106	2.0
308136695	14394	2.0
308136695	11529	1.0
308136695	3329	3.0
308136695	38396	2.0
308136695	1860	2.0
308550838	1405	5.0
308550838	1405	5.0
308550838	6442	2.0
308550838	6444	2.0
308550838	6444	2.0
308550838	6462	2.0
308550838	6463	3.0
310042172	2456	2.0
310042172	523	1.0
310042172	6346	2.0
310042172	2055	2.0
310042172	2055	2.0
310042172	2577	2.0
310042172	2577	2.0
310288253	395	3.0
310288253	386	2.0
310288253	392	4.0
310288253	390	1.0
310288253	383	3.0
310288253	4047	2.0
310288253	80	2.0
310543162	336	1.0
310543162	336	1.0
310543162	11529	2.0
310543162	1883	1.0
310543162	28665	1.0
310543162	38396	2.0
310543162	7799	2.0
311782684	1371	2.0
311782684	1371	2.0
311782684	1401	2.0
311782684	1401	2.0
311782684	996	4.0
311782684	1330	1.0
311782684	1330	1.0
312150212	8146	1.0
312150212	8146	1.0
312150212	2744	2.0
312150212	4106	2.0
312150212	4913	1.0
312150212	390	1.0
312150212	11529	1.0
312192417	85	4.0
312192417	85	4.0
312192417	2486	2.0
312192417	66	1.0
312192417	1874	1.0
312192417	1874	1.0
312192417	11529	4.0
314202723	6444	1.0
314202723	2218	2.0
314202723	4570	1.0
314202723	5166	2.0
314202723	7942	2.0
314202723	6605	2.0
314202723	6536	2.0
315755027	2456	1.0
315755027	2456	1.0
315755027	6346	1.0
315755027	6346	1.0
315755027	2055	1.0
315755027	2055	1.0
315755027	2577	1.0
317422613	523	1.0
317422613	3520	5.0
317422613	366	1.0
317422613	403	1.0
317422613	395	1.0
317422613	14333	2.0
317422613	382	1.0
318987728	1333	2.0
318987728	1333	2.0
318987728	996	2.0
318987728	996	2.0
318987728	5107	1.0
318987728	5107	1.0
318987728	1358	3.0
321338819	2456	2.0
321338819	523	5.0
321338819	523	5.0
321338819	6346	3.0
321338819	6346	3.0
321338819	2055	1.0
321338819	2055	1.0
321397292	2508	2.0
321397292	395	1.0
321397292	2486	2.0
321397292	95	1.0
321397292	39164	2.0
321397292	4860	1.0
321397292	38396	2.0
321615853	1371	3.0
321615853	1371	3.0
321615853	166	2.0
321615853	166	2.0
321615853	1104	1.0
321615853	83699	2.0
321615853	83699	2.0
321903542	1405	3.0
321903542	1405	3.0
321903542	6442	1.0
321903542	6442	1.0
321903542	6444	2.0
321903542	6462	1.0
321903542	6462	1.0
323666726	85	1.0
323666726	25038	4.0
323666726	12167	2.0
323666726	12167	2.0
323666726	31923	5.0
323666726	13176	1.0
323666726	13176	1.0
323706924	8046	1.0
323706924	8046	1.0
323706924	9429	4.0
323706924	9429	4.0
323706924	15636	1.0
323706924	15636	1.0
323706924	1669	2.0
324693134	3520	2.0
324693134	3520	2.0
324693134	3520	2.0
324693134	4106	3.0
324693134	4106	3.0
324693134	14330	2.0
324693134	11524	2.0
325371875	4913	2.0
325371875	66	1.0
325371875	1874	1.0
325371875	4880	3.0
325371875	1886	2.0
325371875	4860	5.0
325371875	16456	1.0
326054326	366	4.0
326054326	403	4.0
326054326	2486	1.0
326054326	336	1.0
326054326	66	2.0
326054326	54	3.0
326054326	18	4.0
326404454	366	1.0
326404454	403	1.0
326404454	386	2.0
326404454	392	1.0
326404454	336	3.0
326404454	18	2.0
326404454	1883	1.0
327040247	2508	5.0
327040247	1874	3.0
327040247	4880	2.0
327040247	18828	2.0
327040247	3329	5.0
327040247	4860	1.0
327040247	2515	4.0
327529889	1613	1.0
327529889	1333	4.0
327529889	1371	2.0
327529889	4629	2.0
327529889	8046	4.0
327529889	5047	4.0
327529889	1330	3.0
327944461	6605	3.0
327944461	1374	2.0
327944461	4806	2.0
327944461	60324	2.0
327944461	46732	2.0
327944461	14999	3.0
327944461	14574	2.0
329916725	1618	3.0
329916725	1618	3.0
329916725	1585	3.0
329916725	1585	3.0
329916725	28663	1.0
329916725	2779	1.0
329916725	2779	1.0
337928251	2455	4.0
337928251	14394	5.0
337928251	11394	3.0
337928251	18805	2.0
337928251	7942	1.0
337928251	14336	2.0
337928251	9504	1.0
342728219	2218	2.0
342728219	9449	2.0
342728219	17305	2.0
342728219	7942	3.0
342728219	16979	4.0
342728219	9444	1.0
342728219	9504	1.0
342940732	4106	1.0
342940732	4913	2.0
342940732	66	4.0
342940732	18828	1.0
342940732	39455	4.0
342940732	4929	1.0
342940732	38396	3.0
346828449	2577	1.0
346828449	2577	1.0
346828449	6442	1.0
346828449	6442	1.0
346828449	6444	4.0
346828449	6444	4.0
346828449	1613	2.0
347239879	2456	2.0
347239879	2456	2.0
347239879	523	4.0
347239879	523	4.0
347239879	523	4.0
347239879	523	4.0
347239879	6346	1.0
347845120	2644	1.0
347845120	6463	1.0
347845120	6463	1.0
347845120	2218	3.0
347845120	14985	2.0
347845120	13264	3.0
347845120	13232	5.0
348200892	2145	1.0
348200892	6349	2.0
348200892	6349	2.0
348200892	2601	1.0
348200892	13238	1.0
348200892	11394	1.0
348200892	765	1.0
349376102	2577	1.0
349376102	392	2.0
349376102	4106	3.0
349376102	383	2.0
349376102	1874	4.0
349376102	4047	1.0
349376102	17305	2.0
350532222	366	2.0
350532222	6285	1.0
350532222	2486	1.0
350532222	2486	1.0
350532222	18	1.0
350532222	8168	1.0
350532222	8168	1.0
351784082	2644	3.0
351784082	6444	1.0
351784082	7878	1.0
351784082	2219	1.0
351784082	6397	1.0
351784082	5166	2.0
351784082	13238	2.0
356529976	6346	1.0
356529976	2218	1.0
356529976	2455	1.0
356529976	6285	1.0
356529976	14394	2.0
356529976	14394	2.0
356529976	8168	1.0
356797608	6444	1.0
356797608	6444	1.0
356797608	6463	2.0
356797608	6463	2.0
356797608	6463	2.0
356797608	6463	2.0
356797608	1401	1.0
357691369	2456	2.0
357691369	6346	1.0
357691369	6346	1.0
357691369	2055	2.0
357691369	822	2.0
357691369	822	2.0
357691369	92	2.0
357928530	2133	4.0
357928530	1405	1.0
357928530	6442	3.0
357928530	6442	3.0
357928530	6444	1.0
357928530	6444	1.0
357928530	1613	3.0
359137933	523	3.0
359137933	523	3.0
359137933	6346	1.0
359137933	2055	1.0
359137933	2055	1.0
359137933	2133	1.0
359137933	2133	1.0
359757988	2133	1.0
359757988	2577	1.0
359757988	3520	1.0
359757988	4106	2.0
359757988	14386	1.0
359757988	7942	2.0
359757988	16979	5.0
359980146	523	1.0
359980146	2133	2.0
359980146	2133	2.0
359980146	1405	1.0
359980146	6436	2.0
359980146	6436	2.0
359980146	1401	2.0
361570371	3675	3.0
361570371	8270	3.0
361570371	2134	1.0
361570371	2134	1.0
361570371	6465	2.0
361570371	6465	2.0
361570371	6526	1.0
361766627	2456	2.0
361766627	6346	3.0
361766627	2055	3.0
361766627	2577	1.0
361766627	822	3.0
361766627	92	3.0
361766627	8146	3.0
361843878	6346	2.0
361843878	2055	2.0
361843878	2055	2.0
361843878	2577	1.0
361843878	2577	1.0
361843878	2145	2.0
361843878	2145	2.0
363198213	6462	3.0
363198213	1333	2.0
363198213	1371	2.0
363198213	6454	2.0
363198213	4629	3.0
363198213	6439	1.0
363198213	1348	2.0
367874149	85	1.0
367874149	28663	1.0
367874149	28690	1.0
367874149	84	1.0
367874149	73	1.0
367874149	16496	1.0
367874149	24940	1.0
369737199	2079	5.0
369737199	64358	4.0
369737199	46821	2.0
369737199	64358	4.0
369737199	13242	1.0
369737199	13242	1.0
369737199	46821	2.0
369878967	8838	2.0
369878967	6512	1.0
369878967	6496	1.0
369878967	8606	2.0
369878967	4487	1.0
369878967	237	2.0
369878967	15361	1.0
372580904	366	1.0
372580904	366	1.0
372580904	212	2.0
372580904	212	2.0
372580904	1618	1.0
372580904	18	2.0
372580904	1585	5.0
376921069	366	1.0
376921069	366	1.0
376921069	7878	2.0
376921069	403	1.0
376921069	7878	2.0
376921069	403	1.0
376921069	2221	1.0
376991298	3675	2.0
376991298	3675	2.0
376991298	8270	3.0
376991298	1089	1.0
376991298	1089	1.0
376991298	8263	2.0
376991298	8263	2.0
377644380	2456	1.0
377644380	6299	1.0
377644380	2573	2.0
377644380	2573	2.0
377644380	2569	2.0
377644380	2574	2.0
377644380	2574	2.0
379080112	1333	2.0
379080112	4629	3.0
379080112	1356	3.0
379080112	6194	2.0
379080112	8046	5.0
379080112	5047	4.0
379080112	1330	3.0
383356656	2456	2.0
383356656	2456	2.0
383356656	523	1.0
383356656	523	1.0
383356656	6346	2.0
383356656	6346	2.0
383356656	2577	2.0
383698958	523	1.0
383698958	2133	1.0
383698958	2133	1.0
383698958	8147	1.0
383698958	366	1.0
383698958	366	1.0
383698958	6463	1.0
384077243	2644	1.0
384077243	2644	1.0
384077243	2133	1.0
384077243	2133	1.0
384077243	1333	3.0
384077243	1333	3.0
384077243	4629	1.0
386662280	2133	1.0
386662280	2133	1.0
386662280	395	4.0
386662280	395	4.0
386662280	392	2.0
386662280	390	2.0
386662280	390	2.0
386688716	395	2.0
386688716	1333	1.0
386688716	1333	1.0
386688716	1371	2.0
386688716	1371	2.0
386688716	2218	1.0
386688716	382	1.0
389274548	2644	2.0
389274548	2133	1.0
389274548	7878	3.0
389274548	1401	1.0
389274548	1350	3.0
389274548	9439	4.0
389274548	6522	1.0
390626712	2456	2.0
390626712	2456	2.0
390626712	2456	2.0
390626712	2456	2.0
390626712	523	2.0
390626712	523	2.0
390626712	523	2.0
391441800	2456	1.0
391441800	523	1.0
391441800	6346	1.0
391441800	2055	1.0
391441800	2055	1.0
391441800	822	1.0
391441800	822	1.0
392373012	2133	2.0
392373012	6442	4.0
392373012	6444	3.0
392373012	6462	3.0
392373012	7878	2.0
392373012	2219	2.0
392373012	6454	2.0
392451339	366	2.0
392451339	395	1.0
392451339	390	1.0
392451339	390	1.0
392451339	18	3.0
392451339	18	3.0
392451339	800	2.0
394219840	523	3.0
394219840	523	3.0
394219840	523	3.0
394219840	2133	1.0
394219840	2133	1.0
394219840	2133	1.0
394219840	2145	3.0
394666399	2218	2.0
394666399	2218	2.0
394666399	1374	1.0
394666399	1374	1.0
394666399	15636	2.0
394666399	15636	2.0
394666399	10195	1.0
395893135	212	4.0
395893135	1371	1.0
395893135	85	2.0
395893135	262	2.0
395893135	6465	1.0
395893135	1120	1.0
395893135	14163	1.0
397828813	1371	2.0
397828813	1371	2.0
397828813	2219	2.0
397828813	2219	2.0
397828813	1367	2.0
397828813	1367	2.0
397828813	13238	2.0
400980637	395	1.0
400980637	392	2.0
400980637	4913	2.0
400980637	4913	2.0
400980637	66	2.0
400980637	66	2.0
400980637	18828	3.0
402625885	1333	2.0
402625885	1333	2.0
402625885	1371	3.0
402625885	4629	1.0
402625885	4629	1.0
402625885	1367	3.0
402625885	1367	3.0
406618918	1618	1.0
406618918	2515	1.0
406618918	1860	1.0
406618918	676	2.0
406618918	22825	1.0
406618918	4529	1.0
406618918	35629	1.0
408810683	2221	1.0
408810683	1371	2.0
408810683	9449	2.0
408810683	6194	1.0
408810683	7942	1.0
408810683	6432	1.0
408810683	4806	5.0
410404458	1405	3.0
410404458	1405	3.0
410404458	6444	1.0
410404458	1613	5.0
410404458	1613	5.0
410404458	2221	3.0
410404458	4570	1.0
412793283	523	2.0
412793283	523	2.0
412793283	6346	1.0
412793283	2644	2.0
412793283	2644	2.0
412793283	2145	2.0
412793283	2145	2.0
413359946	85	3.0
413359946	85	3.0
413359946	11684	1.0
413359946	11684	1.0
413359946	100032	2.0
413359946	100032	2.0
413359946	4881	1.0
413765486	1089	1.0
413765486	1039	4.0
413765486	1089	1.0
413765486	1039	4.0
413765486	37410	2.0
413765486	37410	2.0
413765486	11684	2.0
415692646	3675	2.0
415692646	3675	2.0
415692646	8270	2.0
415692646	1039	2.0
415692646	1089	3.0
415692646	1039	2.0
415692646	8263	1.0
416071417	1405	2.0
416071417	1405	2.0
416071417	6442	2.0
416071417	6442	2.0
416071417	6444	1.0
416071417	6444	1.0
416071417	1613	2.0
417475405	6444	1.0
417475405	6444	1.0
417475405	4570	1.0
417475405	4570	1.0
417475405	5166	1.0
417475405	5166	1.0
417475405	6194	1.0
423557702	1405	1.0
423557702	1405	1.0
423557702	6462	1.0
423557702	6462	1.0
423557702	6463	1.0
423557702	6454	2.0
423557702	14394	1.0
423659823	366	1.0
423659823	18	2.0
423659823	769	1.0
423659823	769	1.0
423659823	80	1.0
423659823	470	1.0
423659823	470	1.0
425084124	4584	1.0
425084124	4584	1.0
425084124	146866	2.0
425084124	146866	2.0
425084124	3736	1.0
425084124	3736	1.0
425084124	78129	1.0
426799501	2133	1.0
426799501	2133	1.0
426799501	6444	2.0
426799501	6462	3.0
426799501	6463	1.0
426799501	6463	1.0
426799501	6454	2.0
427105750	1333	2.0
427105750	4629	1.0
427105750	5047	1.0
427105750	2897	2.0
427105750	5107	1.0
427105750	1428	1.0
427105750	1358	1.0
427149422	523	1.0
427149422	523	1.0
427149422	6346	1.0
427149422	2644	3.0
427149422	2644	3.0
427149422	2133	2.0
427149422	8147	2.0
428760621	8270	1.0
428760621	3675	1.0
428760621	4629	1.0
428760621	4629	1.0
428760621	1348	1.0
428760621	1348	1.0
428760621	8263	1.0
429085252	2456	5.0
429085252	2456	5.0
429085252	6346	2.0
429085252	6346	2.0
429085252	2644	1.0
429085252	2644	1.0
429085252	2055	5.0
430713872	85	2.0
430713872	85	2.0
430713872	501	1.0
430713872	1618	5.0
430713872	3675	1.0
430713872	3675	1.0
430713872	1585	2.0
431278598	523	2.0
431278598	2055	2.0
431278598	2577	1.0
431278598	2577	1.0
431278598	8147	3.0
431278598	8147	3.0
431278598	8146	5.0
436463140	1360	2.0
436463140	1360	2.0
436463140	2929	2.0
436463140	4806	2.0
436463140	4806	2.0
436463140	1419	1.0
436463140	1419	1.0
436508182	2644	1.0
436508182	2644	1.0
436508182	1405	2.0
436508182	6444	2.0
436508182	6462	1.0
436508182	6462	1.0
436508182	6463	2.0
437062290	1333	2.0
437062290	1333	2.0
437062290	1371	1.0
437062290	4570	1.0
437062290	4570	1.0
437062290	1367	4.0
437062290	1367	4.0
439869742	1039	2.0
439869742	1089	2.0
439869742	1039	2.0
439869742	7799	1.0
439869742	7799	1.0
439869742	13176	1.0
439869742	13176	1.0
441444339	2055	2.0
441444339	2055	2.0
441444339	3520	3.0
441444339	3520	3.0
441444339	8147	3.0
441444339	8147	3.0
441444339	2508	3.0
447441410	2577	2.0
447441410	822	1.0
447441410	3520	2.0
447441410	2145	1.0
447441410	4767	1.0
447441410	2508	2.0
447441410	14333	5.0
447653120	212	2.0
447653120	212	2.0
447653120	1618	1.0
447653120	1585	1.0
447653120	6288	1.0
447653120	1640	1.0
447653120	262	1.0
448230203	6444	1.0
448230203	1333	2.0
448230203	2219	1.0
448230203	4629	1.0
448230203	4570	1.0
448230203	1367	2.0
448230203	6439	1.0
450237550	8270	2.0
450237550	8270	2.0
450237550	1089	1.0
450237550	1089	1.0
450237550	1040	1.0
450237550	1040	1.0
450237550	1038	2.0
451609070	4913	2.0
451609070	11828	4.0
451609070	4848	1.0
451609070	87793	1.0
451609070	40703	2.0
451609070	40703	2.0
451609070	27345	2.0
452817995	2644	4.0
452817995	2644	4.0
452817995	6444	3.0
452817995	6462	1.0
452817995	6462	1.0
452817995	6463	1.0
452817995	2221	2.0
459100794	6346	2.0
459100794	822	2.0
459100794	6349	2.0
459100794	85	2.0
459100794	1401	1.0
459100794	6397	2.0
459100794	1056	1.0
460449722	2455	1.0
460449722	37410	1.0
460449722	37410	1.0
460449722	1874	1.0
460449722	1874	1.0
460449722	3329	1.0
460449722	3329	1.0
460722626	2644	1.0
460722626	2133	1.0
460722626	8146	1.0
460722626	13238	1.0
460722626	9439	3.0
460722626	7942	2.0
460722626	16979	3.0
464350763	1613	2.0
464350763	1371	2.0
464350763	1367	1.0
464350763	15711	3.0
464350763	6194	2.0
464350763	17305	3.0
464350763	6605	2.0
465482108	1089	1.0
465482108	1089	1.0
465482108	37410	2.0
465482108	25038	2.0
465482108	25038	2.0
465482108	1073	1.0
465482108	12167	3.0
466189679	2456	1.0
466189679	2456	1.0
466189679	523	3.0
466189679	523	3.0
466189679	6346	3.0
466189679	6346	3.0
466189679	2577	1.0
472675341	8147	1.0
472675341	212	3.0
472675341	1618	2.0
472675341	380	3.0
472675341	6465	2.0
472675341	5603	5.0
472675341	1759	2.0
474206580	3520	2.0
474206580	2508	2.0
474206580	14333	2.0
474206580	6285	4.0
474206580	2455	5.0
474206580	11524	1.0
474206580	2527	1.0
474317999	2133	5.0
474317999	2455	2.0
474317999	6436	1.0
474317999	11524	1.0
474317999	2527	2.0
474317999	3478	3.0
474317999	13238	2.0
478196758	2486	2.0
478196758	2486	2.0
478196758	4880	2.0
478196758	4880	2.0
478196758	6194	1.0
478196758	6194	1.0
478196758	4848	2.0
479813370	8147	1.0
479813370	8147	1.0
479813370	1618	1.0
479813370	1618	1.0
479813370	5863	1.0
479813370	5863	1.0
479813370	10195	1.0
482454451	2486	2.0
482454451	4880	3.0
482454451	1886	2.0
482454451	4859	2.0
482454451	1860	1.0
482454451	1851	3.0
482454451	4848	2.0
483160303	2456	2.0
483160303	2456	2.0
483160303	2055	2.0
483160303	822	2.0
483160303	822	2.0
483160303	92	2.0
483160303	92	2.0
484664965	11529	4.0
484664965	11529	4.0
484664965	18828	1.0
484664965	38396	1.0
484664965	28663	1.0
484664965	28665	1.0
484664965	28665	1.0
486469359	822	2.0
486469359	92	1.0
486469359	1613	1.0
486469359	1613	1.0
486469359	7878	1.0
486469359	9439	1.0
486469359	4824	2.0
486891659	85	2.0
486891659	85	2.0
486891659	3675	2.0
486891659	8270	2.0
486891659	3675	1.0
486891659	8263	3.0
486891659	8251	1.0
490776248	395	5.0
490776248	395	5.0
490776248	212	1.0
490776248	212	1.0
490776248	392	3.0
490776248	382	3.0
490776248	382	3.0
490777326	403	1.0
490777326	212	3.0
490777326	386	1.0
490777326	1883	1.0
490777326	4929	1.0
490777326	28663	1.0
490777326	13629	1.0
492796382	1039	2.0
492796382	1039	2.0
492796382	12198	2.0
492796382	12198	2.0
492796382	1040	1.0
492796382	1040	1.0
492796382	6465	1.0
493013492	2456	1.0
493013492	2456	1.0
493013492	3520	1.0
493013492	3520	1.0
493013492	8146	1.0
493013492	4106	1.0
493013492	4106	1.0
493136604	1039	2.0
493136604	1039	2.0
493136604	37410	2.0
493136604	37410	2.0
493136604	1046	1.0
493136604	1046	1.0
493136604	1057	2.0
495451963	8270	2.0
495451963	8270	2.0
495451963	1039	3.0
495451963	1089	2.0
495451963	1039	3.0
495451963	1089	2.0
495451963	11684	2.0
495463720	523	1.0
495463720	3520	4.0
495463720	4106	1.0
495463720	1618	2.0
495463720	6373	1.0
495463720	11524	3.0
495463720	2601	1.0
495878761	382	2.0
495878761	392	2.0
495878761	386	2.0
495878761	392	2.0
495878761	390	3.0
495878761	390	3.0
495878761	383	2.0
496847744	9449	2.0
496847744	33953	1.0
496847744	9438	2.0
496847744	17004	2.0
496847744	17004	2.0
496847744	16962	2.0
496847744	9493	3.0
498326851	1405	2.0
498326851	6442	1.0
498326851	6444	2.0
498326851	66	3.0
498326851	13238	2.0
498326851	11828	2.0
498326851	28665	1.0
498418780	2456	1.0
498418780	2456	1.0
498418780	6346	1.0
498418780	6346	1.0
498418780	822	2.0
498418780	395	1.0
498418780	392	1.0
500734113	6462	1.0
500734113	6463	1.0
500734113	1401	4.0
500734113	1401	4.0
500734113	2664	1.0
500734113	7867	1.0
500734113	1350	4.0
501219847	2456	2.0
501219847	2456	2.0
501219847	6346	1.0
501219847	2644	2.0
501219847	2644	2.0
501219847	2055	1.0
501219847	2055	1.0
504975148	3336	2.0
504975148	10412	3.0
504975148	59641	3.0
504975148	59641	3.0
504975148	59645	2.0
504975148	37197	1.0
504975148	447	1.0
504986573	2456	3.0
504986573	2055	3.0
504986573	2577	3.0
504986573	4767	3.0
504986573	6349	4.0
504986573	8168	2.0
504986573	6362	2.0
505397720	2577	3.0
505397720	1371	2.0
505397720	2218	2.0
505397720	4570	1.0
505397720	1348	3.0
505397720	6397	1.0
505397720	166	5.0
507500504	1039	2.0
507500504	37410	2.0
507500504	1056	2.0
507500504	1056	2.0
507500504	1051	2.0
507500504	1057	2.0
507500504	13176	1.0
508718017	996	4.0
508718017	996	4.0
508718017	31923	1.0
508718017	31923	1.0
508718017	27258	2.0
508718017	27258	2.0
508718017	17995	1.0
511152203	3520	1.0
511152203	2508	3.0
511152203	403	1.0
511152203	14333	4.0
511152203	14333	4.0
511152203	336	1.0
511152203	390	1.0
514087425	2133	3.0
514087425	3336	2.0
514087425	14983	1.0
514087425	8970	2.0
514087425	7142	1.0
514087425	33953	1.0
514087425	33900	2.0
514344921	979	3.0
514344921	100596	4.0
514344921	69690	2.0
514344921	35643	1.0
514344921	7908	1.0
514344921	971	2.0
514344921	69756	5.0
514914684	1874	1.0
514914684	7942	5.0
514914684	9523	2.0
514914684	35780	1.0
514914684	20649	1.0
514914684	6022	1.0
514914684	35823	1.0
515275392	11372	4.0
515275392	11372	4.0
515275392	29409	2.0
515275392	39859	2.0
515275392	39859	2.0
515275392	8535	1.0
515275392	61392	4.0
516500661	6605	5.0
516500661	6432	1.0
516500661	4806	1.0
516500661	2173	1.0
516500661	60324	2.0
516500661	55569	1.0
516500661	46732	1.0
517102113	2644	2.0
517102113	2644	2.0
517102113	1405	2.0
517102113	1405	2.0
517102113	7878	2.0
517102113	1039	5.0
517102113	1089	3.0
518751200	212	3.0
518751200	1618	3.0
518751200	1618	3.0
518751200	3675	2.0
518751200	3675	2.0
518751200	380	2.0
518751200	380	2.0
521701025	3520	1.0
521701025	11524	1.0
521701025	2527	1.0
521701025	2527	1.0
521701025	3478	1.0
521701025	2779	1.0
521701025	2779	1.0
521800912	2133	1.0
521800912	2133	1.0
521800912	2133	1.0
521800912	4913	2.0
521800912	4913	2.0
521800912	11684	2.0
521800912	11684	2.0
524751547	523	1.0
524751547	523	1.0
524751547	6346	1.0
524751547	6346	1.0
524751547	3520	1.0
524751547	2508	1.0
524751547	2508	1.0
525343812	1367	1.0
525343812	1330	1.0
525343812	1428	4.0
525343812	1428	4.0
525343812	1341	1.0
525343812	1341	1.0
525343812	6046	2.0
525513346	8147	1.0
525513346	8147	1.0
525513346	8146	1.0
525513346	8146	1.0
525513346	2744	1.0
525513346	2744	1.0
525513346	857	1.0
525890069	3520	1.0
525890069	6285	2.0
525890069	2455	3.0
525890069	54	4.0
525890069	14394	1.0
525890069	8168	3.0
525890069	16456	2.0
526679936	523	1.0
526679936	366	2.0
526679936	366	2.0
526679936	4106	1.0
526679936	4106	1.0
526679936	336	2.0
526679936	336	2.0
527520747	390	1.0
527520747	390	1.0
527520747	4047	1.0
527520747	4047	1.0
527520747	28349	1.0
527520747	28349	1.0
527520747	745	3.0
527578175	12198	2.0
527578175	12198	2.0
527578175	25038	3.0
527578175	1120	5.0
527578175	23156	1.0
527578175	23156	1.0
527578175	31923	1.0
528089498	523	2.0
528089498	2055	1.0
528089498	2055	1.0
528089498	6442	1.0
528089498	2145	1.0
528089498	1613	2.0
528089498	8147	2.0
530106705	1056	2.0
530106705	1056	2.0
530106705	800	4.0
530106705	25038	3.0
530106705	25038	3.0
530106705	58601	1.0
530106705	1073	1.0
530693675	6462	1.0
530693675	6462	1.0
530693675	15711	2.0
530693675	3951	1.0
530693675	3951	1.0
530693675	1360	5.0
530693675	1360	5.0
530906625	2644	1.0
530906625	2133	2.0
530906625	6442	1.0
530906625	6444	3.0
530906625	7878	1.0
530906625	6436	1.0
530906625	2219	3.0
531961286	2456	2.0
531961286	6346	1.0
531961286	2644	4.0
531961286	2055	5.0
531961286	2055	5.0
531961286	1405	2.0
531961286	6285	2.0
533898793	2644	1.0
533898793	2133	3.0
533898793	2133	3.0
533898793	1405	1.0
533898793	6444	2.0
533898793	6444	2.0
533898793	6463	3.0
533970003	2456	3.0
533970003	2456	3.0
533970003	6346	3.0
533970003	2644	2.0
533970003	2133	2.0
533970003	2133	2.0
533970003	1405	5.0
535163583	54	1.0
535163583	2527	4.0
535163583	2527	4.0
535163583	11529	2.0
535163583	11529	2.0
535163583	6288	2.0
535163583	30614	1.0
536869497	13238	1.0
536869497	3951	2.0
536869497	3951	2.0
536869497	9429	1.0
536869497	20890	5.0
536869497	20890	5.0
536869497	7142	2.0
537734704	4913	1.0
537734704	18828	1.0
537734704	11828	1.0
537734704	30614	1.0
537734704	2779	1.0
537734704	30614	1.0
537734704	2779	1.0
538599328	395	2.0
538599328	403	1.0
538599328	4106	1.0
538599328	2486	1.0
538599328	2486	1.0
538599328	336	1.0
538599328	336	1.0
538753067	523	3.0
538753067	4106	1.0
538753067	95	1.0
538753067	4880	1.0
538753067	18828	2.0
538753067	4860	2.0
538753067	38396	1.0
540377756	1405	2.0
540377756	6444	3.0
540377756	2221	2.0
540377756	2221	2.0
540377756	14394	1.0
540377756	6523	1.0
540377756	14394	1.0
540406794	2456	2.0
540406794	2456	2.0
540406794	523	3.0
540406794	6346	2.0
540406794	2644	1.0
540406794	2644	1.0
540406794	2133	2.0
540565506	1038	1.0
540565506	1038	1.0
540565506	1104	3.0
540565506	1104	3.0
540565506	55590	2.0
540565506	1113	3.0
540565506	1113	3.0
543949545	1371	1.0
543949545	1371	1.0
543949545	1367	1.0
543949545	1367	1.0
543949545	1348	1.0
543949545	2184	1.0
543949545	2184	1.0
544807570	2145	1.0
544807570	8147	2.0
544807570	8147	2.0
544807570	8146	4.0
544807570	2744	5.0
544807570	6362	1.0
544807570	6362	1.0
544809923	212	3.0
544809923	2218	1.0
544809923	1618	5.0
544809923	1883	1.0
544809923	2161	2.0
544809923	4860	2.0
544809923	4859	1.0
546807911	2456	2.0
546807911	2456	2.0
546807911	6346	2.0
546807911	2577	1.0
546807911	6444	1.0
546807911	6444	1.0
546807911	4767	2.0
547447043	386	2.0
547447043	386	2.0
547447043	769	2.0
547447043	769	2.0
547447043	9449	1.0
547447043	9449	1.0
547447043	9439	1.0
552937542	2456	3.0
552937542	6346	2.0
552937542	2577	2.0
552937542	2145	1.0
552937542	2508	4.0
552937542	6349	1.0
552937542	14333	2.0
553197159	390	1.0
553197159	336	2.0
553197159	66	2.0
553197159	18828	3.0
553197159	18828	3.0
553197159	11828	2.0
553197159	332	1.0
553901136	2456	1.0
553901136	2456	1.0
553901136	523	1.0
553901136	6346	1.0
553901136	2055	2.0
553901136	2577	1.0
553901136	2577	1.0
555834156	18	1.0
555834156	18	1.0
555834156	1038	1.0
555834156	1038	1.0
555834156	1051	1.0
555834156	1051	1.0
555834156	7388	2.0
556863348	2577	2.0
556863348	3520	1.0
556863348	2508	1.0
556863348	382	1.0
556863348	392	2.0
556863348	382	1.0
556863348	390	1.0
557453975	2486	5.0
557453975	2486	5.0
557453975	66	2.0
557453975	1886	2.0
557453975	4859	1.0
557453975	1860	2.0
557453975	1860	2.0
558092137	39455	4.0
558092137	39455	4.0
558092137	28663	1.0
558092137	2779	1.0
558092137	22825	3.0
558092137	13629	5.0
558092137	13629	5.0
559506857	523	1.0
559506857	5753	2.0
559506857	5753	2.0
559506857	1428	1.0
559506857	1428	1.0
559506857	2028	1.0
559506857	2028	1.0
561018785	2133	1.0
561018785	822	2.0
561018785	501	1.0
561018785	501	1.0
561018785	857	1.0
561018785	857	1.0
561018785	8263	1.0
563280684	1405	1.0
563280684	6462	1.0
563280684	1371	1.0
563280684	1401	1.0
563280684	1367	2.0
563280684	1348	2.0
563280684	1348	2.0
563703010	1356	2.0
563703010	6194	1.0
563703010	5047	1.0
563703010	5107	1.0
563703010	17353	1.0
563703010	1358	2.0
563703010	955	1.0
564729304	403	1.0
564729304	382	1.0
564729304	382	1.0
564729304	386	2.0
564729304	18	1.0
564729304	95	1.0
564729304	1883	1.0
566996813	3478	2.0
566996813	8970	1.0
566996813	812	1.0
566996813	1759	1.0
566996813	397	1.0
566996813	1822	1.0
566996813	7142	3.0
567505407	2456	5.0
567505407	2456	5.0
567505407	6346	3.0
567505407	6346	3.0
567505407	2577	1.0
567505407	92	1.0
567505407	403	1.0
572773081	2508	5.0
572773081	14333	3.0
572773081	6285	2.0
572773081	2455	1.0
572773081	14330	2.0
572773081	14394	2.0
572773081	11394	2.0
575098049	392	2.0
575098049	392	2.0
575098049	6285	2.0
575098049	6285	2.0
575098049	18805	2.0
575098049	18805	2.0
575098049	1860	3.0
575770039	2218	1.0
575770039	2218	1.0
575770039	1374	2.0
575770039	1374	2.0
575770039	4806	1.0
575770039	4806	1.0
575770039	6536	1.0
576357378	395	2.0
576357378	403	1.0
576357378	395	2.0
576357378	403	1.0
576357378	382	3.0
576357378	386	2.0
576357378	4106	2.0
576573513	523	2.0
576573513	2577	1.0
576573513	92	1.0
576573513	2508	1.0
576573513	1631	2.0
576573513	2455	2.0
576573513	501	1.0
577709335	2456	1.0
577709335	2744	1.0
577709335	1401	2.0
577709335	1401	2.0
577709335	1350	1.0
577709335	1360	2.0
577709335	1360	2.0
578317381	403	3.0
578317381	403	3.0
578317381	390	4.0
578317381	390	4.0
578317381	383	2.0
578317381	4047	2.0
578317381	4047	2.0
578620394	2456	2.0
578620394	6444	2.0
578620394	6444	2.0
578620394	2218	2.0
578620394	2218	2.0
578620394	1618	1.0
578620394	4106	1.0
579281645	2644	2.0
579281645	1613	1.0
579281645	6462	2.0
579281645	2218	3.0
579281645	1401	2.0
579281645	1348	3.0
579281645	166	1.0
579901674	3520	1.0
579901674	8146	1.0
579901674	4106	2.0
579901674	390	3.0
579901674	95	3.0
579901674	1874	2.0
579901674	14386	2.0
579988361	2456	2.0
579988361	2055	5.0
579988361	2577	1.0
579988361	2145	5.0
579988361	4767	3.0
579988361	2508	5.0
579988361	14333	3.0
583839784	523	1.0
583839784	2055	2.0
583839784	2145	2.0
583839784	501	1.0
583839784	8270	1.0
583839784	37410	2.0
583839784	2779	2.0
587813080	2644	1.0
587813080	20890	3.0
587813080	6443	1.0
587813080	19372	1.0
587813080	19372	1.0
587813080	91562	4.0
587813080	91562	4.0
589711264	2508	1.0
589711264	2508	1.0
589711264	22825	2.0
589711264	6605	3.0
589711264	1374	1.0
589711264	6605	3.0
589711264	1374	1.0
590834365	1405	2.0
590834365	6444	1.0
590834365	1613	1.0
590834365	6462	2.0
590834365	6463	1.0
590834365	2221	1.0
590834365	6285	1.0
591074449	1371	2.0
591074449	1371	2.0
591074449	2897	1.0
591074449	2897	1.0
591074449	943	1.0
591074449	506	1.0
591074449	506	1.0
591941754	2297	3.0
591941754	2297	3.0
591941754	6497	1.0
591941754	6497	1.0
591941754	53	1.0
591941754	53	1.0
591941754	2257	1.0
592582485	14333	4.0
592582485	14333	4.0
592582485	2455	4.0
592582485	6285	3.0
592582485	14330	2.0
592582485	14394	4.0
592582485	95	1.0
593433232	2456	1.0
593433232	12198	2.0
593433232	12198	2.0
593433232	25038	2.0
593433232	58601	2.0
593433232	31923	2.0
593433232	1099	1.0
593771073	2456	3.0
593771073	2456	3.0
593771073	523	2.0
593771073	6346	3.0
593771073	6346	3.0
593771073	2055	2.0
593771073	2055	2.0
595219921	366	2.0
595219921	212	2.0
595219921	212	2.0
595219921	6436	1.0
595219921	6436	1.0
595219921	336	2.0
595219921	336	2.0
597058187	386	2.0
597058187	812	1.0
597058187	1759	2.0
597058187	1228	2.0
597058187	1228	2.0
597058187	4651	3.0
597058187	15361	4.0
597158806	8147	1.0
597158806	8147	1.0
597158806	212	1.0
597158806	212	1.0
597158806	382	1.0
597158806	2218	1.0
597158806	2218	1.0
597646361	523	1.0
597646361	2644	2.0
597646361	2133	2.0
597646361	4913	1.0
597646361	857	3.0
597646361	6523	1.0
597646361	11529	2.0
597731064	418	1.0
597731064	418	1.0
597731064	4929	1.0
597731064	4929	1.0
597731064	28663	1.0
597731064	28663	1.0
597731064	1860	1.0
599443929	2133	1.0
599443929	2133	1.0
599443929	8147	2.0
599443929	8147	2.0
599443929	8146	2.0
599443929	8146	2.0
599443929	403	2.0
599454592	2644	2.0
599454592	2133	1.0
599454592	2133	1.0
599454592	1405	2.0
599454592	1405	2.0
599454592	6442	2.0
599454592	6444	2.0
600442673	3675	1.0
600442673	8270	2.0
600442673	8270	2.0
600442673	8263	1.0
600442673	2929	3.0
600442673	1038	2.0
600442673	1038	2.0
600534487	2644	2.0
600534487	2644	2.0
600534487	2133	1.0
600534487	2133	1.0
600534487	6442	2.0
600534487	6442	2.0
600534487	6444	1.0
601111830	2644	3.0
601111830	2644	3.0
601111830	2644	3.0
601111830	2133	3.0
601111830	2133	3.0
601111830	1405	2.0
601111830	1405	2.0
601959653	2456	2.0
601959653	6346	2.0
601959653	2055	1.0
601959653	2577	2.0
601959653	822	2.0
601959653	822	2.0
601959653	92	3.0
603197685	2644	2.0
603197685	6442	1.0
603197685	6442	1.0
603197685	6444	1.0
603197685	6444	1.0
603197685	6463	1.0
603197685	2221	1.0
604082196	6442	1.0
604082196	1333	5.0
604082196	1371	3.0
604082196	4629	3.0
604082196	857	3.0
604082196	6440	1.0
604082196	2134	2.0
604131877	2456	2.0
604131877	6346	1.0
604131877	2577	2.0
604131877	2577	2.0
604131877	822	1.0
604131877	92	1.0
604131877	92	1.0
604867131	1348	1.0
604867131	1356	1.0
604867131	1403	1.0
604867131	1358	2.0
604867131	1358	2.0
604867131	4651	3.0
604867131	8114	1.0
606737151	2055	2.0
606737151	92	2.0
606737151	92	2.0
606737151	4767	1.0
606737151	4767	1.0
606737151	395	2.0
606737151	8146	2.0
607641012	1692	1.0
607641012	1692	1.0
607641012	1669	1.0
607641012	1669	1.0
607641012	17816	1.0
607641012	17816	1.0
607641012	1702	2.0
611126272	2145	1.0
611126272	2145	1.0
611126272	4106	1.0
611126272	4106	1.0
611126272	390	2.0
611126272	390	2.0
611126272	1401	1.0
615103276	11684	4.0
615103276	11684	4.0
615103276	4	2.0
615103276	4	2.0
615103276	90515	3.0
615103276	90515	3.0
615103276	14821	3.0
615562248	2508	1.0
615562248	2508	1.0
615562248	14330	1.0
615562248	14330	1.0
615562248	14394	2.0
615562248	14394	2.0
615562248	39455	1.0
618432417	2456	3.0
618432417	822	2.0
618432417	1618	2.0
618432417	28665	2.0
618432417	38396	1.0
618432417	3293	1.0
618432417	53758	1.0
619683761	14333	2.0
619683761	2455	1.0
619683761	14394	1.0
619683761	1874	2.0
619683761	8168	1.0
619683761	18828	1.0
619683761	39455	1.0
620144598	85	1.0
620144598	85	1.0
620144598	3675	4.0
620144598	8270	4.0
620144598	3675	4.0
620144598	8263	5.0
620144598	8263	5.0
620761138	3339	3.0
620761138	3339	3.0
620761138	3944	2.0
620761138	11236	1.0
620761138	1692	2.0
620761138	11236	1.0
620761138	1692	2.0
621660182	6346	3.0
621660182	6346	3.0
621660182	6462	1.0
621660182	2221	2.0
621660182	1333	1.0
621660182	1618	3.0
621660182	1401	1.0
624228722	2486	1.0
624228722	54	2.0
624228722	54	2.0
624228722	1886	1.0
624228722	6288	1.0
624228722	6291	2.0
624228722	6291	2.0
624612083	2644	2.0
624612083	6444	3.0
624612083	6444	3.0
624612083	6462	3.0
624612083	6462	3.0
624612083	2218	2.0
624612083	6436	2.0
625621167	3675	1.0
625621167	8270	1.0
625621167	2929	1.0
625621167	2929	1.0
625621167	943	1.0
625621167	1118	1.0
625621167	1118	1.0
627240566	395	2.0
627240566	392	2.0
627240566	382	1.0
627240566	392	2.0
627240566	382	1.0
627240566	4754	1.0
627240566	4754	1.0
628900679	366	1.0
628900679	366	1.0
628900679	39164	2.0
628900679	4859	3.0
628900679	17232	4.0
628900679	17232	4.0
628900679	11497	1.0
632435154	1333	2.0
632435154	14983	1.0
632435154	14983	1.0
632435154	955	1.0
632435154	91	2.0
632435154	91	2.0
632435154	955	1.0
632999155	2456	1.0
632999155	2456	1.0
632999155	6346	1.0
632999155	6346	1.0
632999155	2055	1.0
632999155	2055	1.0
632999155	822	1.0
633760506	1401	1.0
633760506	3473	2.0
633760506	40535	2.0
633760506	23314	2.0
633760506	364	2.0
633760506	22588	2.0
633760506	9500	1.0
638251998	8270	2.0
638251998	8270	2.0
638251998	1040	1.0
638251998	1046	1.0
638251998	3853	2.0
638251998	1041	1.0
638251998	3631	2.0
641071018	2577	1.0
641071018	1371	3.0
641071018	1401	4.0
641071018	1360	1.0
641071018	7556	1.0
641071018	2184	1.0
641071018	8839	2.0
642820818	13425	1.0
642820818	14561	2.0
642820818	13425	1.0
642820818	14561	2.0
642820818	22303	2.0
642820818	22303	2.0
642820818	2569	1.0
643753222	1371	1.0
643753222	1371	1.0
643753222	4629	1.0
643753222	4629	1.0
643753222	1367	1.0
643753222	1367	1.0
643753222	166	1.0
645259527	822	1.0
645259527	822	1.0
645259527	403	1.0
645259527	2455	2.0
645259527	2601	1.0
645259527	2601	1.0
645259527	8168	2.0
645924155	16456	1.0
645924155	9439	4.0
645924155	3293	1.0
645924155	16979	2.0
645924155	14336	1.0
645924155	9444	1.0
645924155	9504	2.0
647911673	4570	2.0
647911673	4570	2.0
647911673	5166	1.0
647911673	5166	1.0
647911673	15711	1.0
647911673	9429	1.0
647911673	48934	1.0
648270201	2486	1.0
648270201	4929	1.0
648270201	4929	1.0
648270201	1886	1.0
648270201	1886	1.0
648270201	28665	1.0
648270201	16456	1.0
649816497	37410	1.0
649816497	37410	1.0
649816497	11684	3.0
649816497	11684	3.0
649816497	166	1.0
649816497	166	1.0
649816497	3336	1.0
651894987	8147	1.0
651894987	8147	1.0
651894987	8147	1.0
651894987	8147	1.0
651894987	366	3.0
651894987	366	3.0
651894987	403	3.0
651962334	6346	1.0
651962334	6346	1.0
651962334	14333	2.0
651962334	14333	2.0
651962334	4860	1.0
651962334	4860	1.0
651962334	9449	1.0
655628514	366	5.0
655628514	366	5.0
655628514	212	1.0
655628514	4106	2.0
655628514	3675	3.0
655628514	336	4.0
655628514	18	3.0
656932423	1618	2.0
656932423	1618	2.0
656932423	28663	2.0
656932423	8970	1.0
656932423	32301	4.0
656932423	32301	4.0
656932423	506	2.0
658455932	2133	5.0
658455932	1405	1.0
658455932	1405	1.0
658455932	6442	2.0
658455932	6444	2.0
658455932	6444	2.0
658455932	1613	2.0
659404606	2644	1.0
659404606	1333	2.0
659404606	8046	3.0
659404606	8046	3.0
659404606	59706	3.0
659404606	12167	1.0
659404606	31923	2.0
660773401	3520	1.0
660773401	3520	1.0
660773401	395	2.0
660773401	395	2.0
660773401	403	1.0
660773401	403	1.0
660773401	1618	1.0
661364253	2456	2.0
661364253	6346	1.0
661364253	92	2.0
661364253	92	2.0
661364253	6397	2.0
661364253	6397	2.0
661364253	4754	2.0
663728302	1405	2.0
663728302	1405	2.0
663728302	2221	2.0
663728302	2221	2.0
663728302	857	1.0
663728302	37410	1.0
663728302	25038	2.0
664923509	6463	1.0
664923509	2218	1.0
664923509	383	1.0
664923509	4629	1.0
664923509	1348	1.0
664923509	166	2.0
664923509	3951	1.0
667680503	4570	2.0
667680503	6452	1.0
667680503	9429	2.0
667680503	6605	1.0
667680503	32218	2.0
667680503	14983	1.0
667680503	8082	2.0
671873324	9449	2.0
671873324	9439	1.0
671873324	9444	2.0
671873324	9446	2.0
671873324	1822	1.0
671873324	5960	1.0
671873324	48934	1.0
672413013	6346	3.0
672413013	2055	3.0
672413013	2577	5.0
672413013	2577	5.0
672413013	822	3.0
672413013	92	2.0
672413013	92	2.0
673196067	2456	1.0
673196067	2456	1.0
673196067	92	1.0
673196067	4767	1.0
673196067	4767	1.0
673196067	6349	2.0
673196067	6373	2.0
673975618	2456	2.0
673975618	2456	2.0
673975618	4913	2.0
673975618	4913	2.0
673975618	2486	1.0
673975618	2486	1.0
673975618	1883	2.0
675111029	6346	2.0
675111029	822	1.0
675111029	2145	1.0
675111029	4767	2.0
675111029	6349	1.0
675111029	4880	2.0
675111029	9449	2.0
676494865	2456	2.0
676494865	6346	2.0
676494865	6346	2.0
676494865	2055	1.0
676494865	2055	1.0
676494865	2577	2.0
676494865	2577	2.0
677724452	8146	1.0
677724452	12198	1.0
677724452	12198	1.0
677724452	25038	1.0
677724452	25038	1.0
677724452	31923	2.0
677724452	12167	1.0
678541672	1056	1.0
678541672	1056	1.0
678541672	8263	1.0
678541672	3336	2.0
678541672	7388	1.0
678541672	48	1.0
678541672	48	1.0
680423182	2644	3.0
680423182	2133	3.0
680423182	2577	1.0
680423182	2577	1.0
680423182	1613	2.0
680423182	1613	2.0
680423182	6462	2.0
680685090	1333	1.0
680685090	1371	1.0
680685090	1371	1.0
680685090	85	2.0
680685090	85	2.0
680685090	1073	1.0
680685090	1073	1.0
681162734	2456	1.0
681162734	14333	3.0
681162734	14394	1.0
681162734	4929	1.0
681162734	39455	2.0
681162734	9429	2.0
681162734	6536	3.0
683573326	523	1.0
683573326	523	1.0
683573326	4913	1.0
683573326	4913	1.0
683573326	2486	1.0
683573326	2486	1.0
683573326	4629	2.0
684904451	1405	2.0
684904451	6442	2.0
684904451	1613	2.0
684904451	6462	1.0
684904451	2221	1.0
684904451	1401	2.0
684904451	1348	2.0
685283417	6465	1.0
685283417	4	2.0
685283417	1033	1.0
685283417	1033	1.0
685283417	6470	2.0
685283417	6470	2.0
685283417	6683	2.0
685339250	2456	1.0
685339250	366	5.0
685339250	395	2.0
685339250	382	3.0
685339250	11524	1.0
685339250	418	1.0
685339250	1874	5.0
686332912	2779	1.0
686332912	5753	1.0
686332912	391	2.0
686332912	391	2.0
686332912	94	2.0
686332912	11497	3.0
686332912	94	2.0
689741393	6444	2.0
689741393	6463	1.0
689741393	6463	1.0
689741393	2221	2.0
689741393	2221	2.0
689741393	6436	1.0
689741393	2219	1.0
690005532	2456	5.0
690005532	523	3.0
690005532	6346	4.0
690005532	2055	2.0
690005532	2577	3.0
690005532	822	3.0
690005532	4767	2.0
690372315	1333	4.0
690372315	1371	3.0
690372315	1367	5.0
690372315	1356	3.0
690372315	8046	2.0
690372315	996	5.0
690372315	5047	3.0
695030721	39164	1.0
695030721	39164	1.0
695030721	16979	2.0
695030721	16979	2.0
695030721	7556	1.0
695030721	7556	1.0
695030721	9444	2.0
696930865	2644	1.0
696930865	2644	1.0
696930865	2133	1.0
696930865	2133	1.0
696930865	6444	2.0
696930865	6462	1.0
696930865	6463	1.0
697413563	3478	2.0
697413563	3478	2.0
697413563	1654	1.0
697413563	1654	1.0
697413563	5603	2.0
697413563	1759	1.0
697413563	1759	1.0
697589703	2644	3.0
697589703	6442	2.0
697589703	6442	2.0
697589703	7878	1.0
697589703	7878	1.0
697589703	6454	1.0
697589703	6454	1.0
701096987	2456	3.0
701096987	2456	3.0
701096987	523	1.0
701096987	523	1.0
701096987	6346	2.0
701096987	6346	2.0
701096987	2055	2.0
701232175	2133	2.0
701232175	1405	1.0
701232175	366	1.0
701232175	382	2.0
701232175	18	1.0
701232175	18	1.0
701232175	769	2.0
702693747	2644	1.0
702693747	2133	4.0
702693747	1613	3.0
702693747	6462	1.0
702693747	7878	2.0
702693747	2221	3.0
702693747	6436	2.0
702996047	395	2.0
702996047	80	1.0
702996047	921	1.0
702996047	1174	2.0
702996047	2028	4.0
702996047	1191	1.0
702996047	1940	1.0
706879916	37410	1.0
706879916	1046	3.0
706879916	1046	3.0
706879916	3853	3.0
706879916	3853	3.0
706879916	1041	3.0
706879916	15999	3.0
709805595	212	4.0
709805595	212	4.0
709805595	336	3.0
709805595	336	3.0
709805595	1089	1.0
709805595	1039	1.0
709805595	1089	1.0
710001629	8270	1.0
710001629	8270	1.0
710001629	8270	1.0
710001629	1039	1.0
710001629	1039	1.0
710001629	1039	1.0
710001629	1056	1.0
710603713	6605	4.0
710603713	4806	3.0
710603713	6536	5.0
710603713	11451	1.0
710603713	2173	3.0
710603713	4745	3.0
710603713	60324	3.0
710725396	4629	2.0
710725396	4629	2.0
710725396	166	1.0
710725396	3951	1.0
710725396	3951	1.0
710725396	8046	3.0
710725396	1374	2.0
710770196	1618	2.0
710770196	1618	2.0
710770196	4570	2.0
710770196	95	1.0
710770196	5166	1.0
710770196	1585	1.0
710770196	1585	1.0
711425980	4018	1.0
711425980	4018	1.0
711425980	17392	1.0
711425980	17392	1.0
711425980	82575	1.0
711425980	82575	1.0
711425980	6196	1.0
711670149	9449	2.0
711670149	9439	2.0
711670149	28349	2.0
711670149	9504	1.0
711670149	5960	2.0
711670149	48934	1.0
711670149	9483	1.0
714265444	6288	2.0
714265444	6288	2.0
714265444	3336	1.0
714265444	3336	1.0
714265444	11236	1.0
714265444	11236	1.0
714265444	2375	1.0
715085424	15711	1.0
715085424	15711	1.0
715085424	8046	1.0
715085424	59706	1.0
715085424	59706	1.0
715085424	5107	1.0
715085424	32301	1.0
715452935	2133	2.0
715452935	1405	3.0
715452935	1405	3.0
715452935	6442	1.0
715452935	6442	1.0
715452935	1613	3.0
715452935	6462	3.0
715808770	2456	2.0
715808770	2456	2.0
715808770	523	3.0
715808770	2644	1.0
715808770	2644	1.0
715808770	2133	3.0
715808770	92	2.0
716942030	1089	2.0
716942030	4629	2.0
716942030	1040	3.0
716942030	1073	2.0
716942030	1073	2.0
716942030	1040	3.0
716942030	1111	1.0
719618244	6022	1.0
719618244	6046	2.0
719618244	7695	1.0
719618244	10412	5.0
719618244	59641	2.0
719618244	15695	2.0
719618244	15019	2.0
721508018	6346	1.0
721508018	822	1.0
721508018	3520	2.0
721508018	14333	2.0
721508018	66	1.0
721508018	11524	1.0
721508018	2527	2.0
723395546	2055	1.0
723395546	3520	1.0
723395546	2528	1.0
723395546	4873	5.0
723395546	14750	3.0
723395546	27099	2.0
723395546	11431	1.0
724352344	1089	1.0
724352344	1056	1.0
724352344	2929	1.0
724352344	1040	1.0
724352344	1040	2.0
724352344	1038	2.0
724352344	1038	2.0
724863055	392	2.0
724863055	392	2.0
724863055	386	1.0
724863055	2486	2.0
724863055	14394	1.0
724863055	14394	1.0
724863055	1874	1.0
725399615	2133	1.0
725399615	6442	2.0
725399615	8146	1.0
725399615	7878	2.0
725399615	2221	3.0
725399615	8270	3.0
725399615	1401	2.0
729149063	4880	1.0
729149063	1886	1.0
729149063	16456	2.0
729149063	676	1.0
729149063	6291	2.0
729149063	14750	3.0
729149063	335	2.0
729423723	14333	3.0
729423723	14330	2.0
729423723	14394	1.0
729423723	8168	1.0
729423723	3329	3.0
729423723	11394	4.0
729423723	2515	3.0
730525824	1613	2.0
730525824	1613	2.0
730525824	85	2.0
730525824	85	2.0
730525824	6526	1.0
730525824	6526	1.0
730525824	410	1.0
731199748	2456	1.0
731199748	2456	1.0
731199748	2055	1.0
731199748	822	2.0
731199748	66	2.0
731199748	66	2.0
731199748	4754	2.0
732445082	8146	1.0
732445082	85	2.0
732445082	1618	2.0
732445082	1401	1.0
732445082	1056	3.0
732445082	1073	1.0
732445082	53758	4.0
732709865	6462	1.0
732709865	4929	2.0
732709865	39455	3.0
732709865	4929	2.0
732709865	28665	2.0
732709865	38396	3.0
732709865	28663	5.0
735253417	1039	2.0
735253417	1039	2.0
735253417	1089	1.0
735253417	1056	3.0
735253417	39455	2.0
735253417	39455	2.0
735253417	28665	4.0
736242182	366	2.0
736242182	403	2.0
736242182	336	2.0
736242182	18	2.0
736242182	54	1.0
736242182	2161	2.0
736242182	1585	1.0
737430328	4570	1.0
737430328	25038	4.0
737430328	25038	4.0
737430328	12167	4.0
737430328	12167	4.0
737430328	1099	3.0
737430328	1099	3.0
739717948	2455	1.0
739717948	14394	1.0
739717948	39455	2.0
739717948	38396	4.0
739717948	28665	2.0
739717948	4529	1.0
739717948	5960	1.0
741232259	366	1.0
741232259	366	1.0
741232259	2218	1.0
741232259	336	1.0
741232259	18	1.0
741232259	18	1.0
741232259	418	1.0
741776705	2644	2.0
741776705	2133	5.0
741776705	2133	5.0
741776705	8147	1.0
741776705	8147	1.0
741776705	8146	1.0
741776705	8146	1.0
742279010	2577	1.0
742279010	1631	1.0
742279010	66	1.0
742279010	4929	1.0
742279010	39455	1.0
742279010	38396	2.0
742279010	28663	1.0
742974803	3520	1.0
742974803	366	1.0
742974803	2508	1.0
742974803	14333	1.0
742974803	2455	1.0
742974803	6285	1.0
742974803	11524	1.0
743072016	1613	3.0
743072016	1333	3.0
743072016	212	1.0
743072016	4629	4.0
743072016	1356	4.0
743072016	8046	2.0
743072016	9439	2.0
743940758	3520	3.0
743940758	2508	2.0
743940758	212	1.0
743940758	14330	1.0
743940758	54	4.0
743940758	2527	3.0
743940758	8168	2.0
746951380	212	3.0
746951380	54	3.0
746951380	6288	2.0
746951380	676	1.0
746951380	262	1.0
746951380	760	1.0
746951380	5603	1.0
747488973	2456	3.0
747488973	6346	2.0
747488973	2055	1.0
747488973	2055	1.0
747488973	822	3.0
747488973	822	3.0
747488973	4767	1.0
749156252	1613	2.0
749156252	3675	1.0
749156252	8270	2.0
749156252	12198	1.0
749156252	12198	1.0
749156252	1118	1.0
749156252	1118	1.0
749695485	2456	1.0
749695485	2456	1.0
749695485	366	2.0
749695485	336	1.0
749695485	18	2.0
749695485	18	2.0
749695485	2134	1.0
750212304	2644	3.0
750212304	2644	3.0
750212304	2644	3.0
750212304	2644	3.0
750212304	2133	2.0
750212304	2133	2.0
750212304	2133	2.0
750922791	1405	2.0
750922791	1405	2.0
750922791	6442	3.0
750922791	6442	3.0
750922791	6444	1.0
750922791	1613	1.0
750922791	6462	3.0
756781440	4570	2.0
756781440	4570	2.0
756781440	8168	4.0
756781440	5166	1.0
756781440	5166	1.0
756781440	4929	3.0
756781440	39455	1.0
757623980	2456	1.0
757623980	2456	1.0
757623980	2055	3.0
757623980	2133	3.0
757623980	6442	1.0
757623980	1613	2.0
757623980	1613	2.0
758264846	3520	4.0
758264846	3520	4.0
758264846	6285	2.0
758264846	2455	2.0
758264846	2455	2.0
758264846	14330	1.0
758264846	14330	1.0
759837971	1360	1.0
759837971	1360	1.0
759837971	3336	4.0
759837971	3336	4.0
759837971	8970	2.0
759837971	8970	2.0
759837971	5753	2.0
762259511	2644	2.0
762259511	2644	2.0
762259511	2133	3.0
762259511	2133	3.0
762259511	1405	3.0
762259511	1405	3.0
762259511	6444	2.0
763682110	2644	3.0
763682110	2644	3.0
763682110	2133	5.0
763682110	2133	5.0
763682110	1405	2.0
763682110	1405	2.0
763682110	6442	1.0
764805265	1371	3.0
764805265	2486	1.0
764805265	1367	1.0
764805265	1356	3.0
764805265	1851	1.0
764805265	6299	2.0
764805265	2573	5.0
770215129	1333	1.0
770215129	6194	1.0
770215129	8046	2.0
770215129	1419	1.0
770215129	1330	1.0
770215129	6079	1.0
770215129	1669	1.0
770413906	523	1.0
770413906	523	1.0
770413906	382	2.0
770413906	501	1.0
770413906	501	1.0
770413906	1637	1.0
770413906	1637	1.0
771008832	2456	5.0
771008832	2456	5.0
771008832	4106	2.0
771008832	4106	2.0
771008832	4913	1.0
771008832	4913	1.0
771008832	2486	3.0
771897777	523	2.0
771897777	523	2.0
771897777	2055	3.0
771897777	2133	2.0
771897777	2133	2.0
771897777	92	3.0
771897777	1613	2.0
772015228	1405	2.0
772015228	6442	3.0
772015228	6454	2.0
772015228	8168	3.0
772015228	4929	2.0
772015228	6522	2.0
772015228	2528	3.0
773104319	1585	3.0
773104319	1585	3.0
773104319	812	2.0
773104319	812	2.0
773104319	3944	1.0
773104319	506	3.0
773104319	506	3.0
775221961	3675	1.0
775221961	3675	1.0
775221961	2929	2.0
775221961	1040	2.0
775221961	1040	2.0
775221961	1118	3.0
775221961	8272	2.0
776004344	37410	2.0
776004344	1056	2.0
776004344	2929	1.0
776004344	2929	1.0
776004344	1038	2.0
776004344	3853	2.0
776004344	13800	2.0
776124609	1333	1.0
776124609	1348	3.0
776124609	39455	1.0
776124609	1356	4.0
776124609	8046	2.0
776124609	59706	2.0
776124609	1330	3.0
776403236	37410	1.0
776403236	54	2.0
776403236	4	1.0
776403236	1932	2.0
776403236	9521	1.0
776403236	13542	2.0
776403236	326	2.0
777207860	2456	1.0
777207860	523	3.0
777207860	523	3.0
777207860	6346	2.0
777207860	6346	2.0
777207860	2055	2.0
777207860	2055	2.0
777581294	2456	1.0
777581294	6346	2.0
777581294	6346	2.0
777581294	2055	4.0
777581294	2055	4.0
777581294	2577	2.0
777581294	92	2.0
778303423	10195	1.0
778303423	10195	1.0
778303423	29	3.0
778303423	29	3.0
778303423	14188	1.0
778303423	14188	1.0
778303423	19944	2.0
778526748	2133	1.0
778526748	2577	1.0
778526748	2577	1.0
778526748	4767	2.0
778526748	4767	2.0
778526748	857	2.0
778526748	166	2.0
781116906	2456	2.0
781116906	523	3.0
781116906	6346	2.0
781116906	2577	2.0
781116906	822	2.0
781116906	3520	5.0
781116906	4767	2.0
781805436	2133	2.0
781805436	2133	2.0
781805436	1637	2.0
781805436	2134	3.0
781805436	2134	3.0
781805436	2485	5.0
781805436	2485	5.0
782115578	2456	3.0
782115578	822	1.0
782115578	85	3.0
782115578	8263	2.0
782115578	4859	1.0
782115578	2779	2.0
782115578	22825	1.0
783848715	1613	5.0
783848715	6463	5.0
783848715	1333	1.0
783848715	1333	1.0
783848715	2218	2.0
783848715	2218	2.0
783848715	6439	3.0
784465980	6349	1.0
784465980	6349	1.0
784465980	2779	1.0
784465980	2779	1.0
784465980	13629	1.0
784465980	13629	1.0
784465980	28690	1.0
790086586	1333	2.0
790086586	1333	2.0
790086586	4629	2.0
790086586	1350	1.0
790086586	1350	1.0
790086586	6194	2.0
790086586	59706	1.0
790334928	10412	2.0
790334928	10412	2.0
790334928	59645	1.0
790334928	59645	1.0
790334928	10391	2.0
790334928	161474	2.0
790334928	59711	1.0
790824775	2455	2.0
790824775	4629	1.0
790824775	4929	1.0
790824775	4929	1.0
790824775	10195	2.0
790824775	10195	2.0
790824775	3944	1.0
790829405	2456	3.0
790829405	523	4.0
790829405	6346	3.0
790829405	6346	3.0
790829405	2577	5.0
790829405	2577	5.0
790829405	822	4.0
792754670	1039	2.0
792754670	1039	2.0
792754670	37410	2.0
792754670	3853	2.0
792754670	3853	2.0
792754670	13176	3.0
792754670	13176	3.0
793803446	2456	1.0
793803446	523	2.0
793803446	523	2.0
793803446	2055	1.0
793803446	2055	1.0
793803446	2133	2.0
793803446	2133	2.0
796146817	2456	1.0
796146817	2456	1.0
796146817	6346	1.0
796146817	2644	1.0
796146817	2055	1.0
796146817	822	2.0
796146817	4767	1.0
797987952	8147	1.0
797987952	7878	1.0
797987952	2744	1.0
797987952	6436	1.0
797987952	2134	1.0
797987952	2134	1.0
797987952	20890	3.0
798415097	2508	1.0
798415097	2744	2.0
798415097	2455	2.0
798415097	4913	2.0
798415097	390	2.0
798415097	66	3.0
798415097	95	2.0
799440253	2456	1.0
799440253	2456	1.0
799440253	2145	1.0
799440253	2145	1.0
799440253	4767	1.0
799440253	4767	1.0
799440253	2194	1.0
799700883	2644	3.0
799700883	6444	1.0
799700883	1613	2.0
799700883	1613	2.0
799700883	6462	1.0
799700883	6462	1.0
799700883	7878	1.0
800770331	3951	1.0
800770331	1419	1.0
800770331	6443	4.0
800770331	6443	4.0
800770331	8620	1.0
800770331	16493	1.0
800770331	8620	1.0
801984249	6432	1.0
801984249	6432	1.0
801984249	31923	1.0
801984249	31923	1.0
801984249	17995	1.0
801984249	9455	2.0
801984249	45704	2.0
802097038	4106	4.0
802097038	390	3.0
802097038	66	1.0
802097038	95	3.0
802097038	11529	1.0
802097038	4047	2.0
802097038	14386	5.0
805361388	382	1.0
805361388	386	1.0
805361388	386	1.0
805361388	382	1.0
805361388	4047	1.0
805361388	4047	1.0
805361388	1886	1.0
807788592	2508	4.0
807788592	14333	2.0
807788592	1874	1.0
807788592	4880	1.0
807788592	4860	1.0
807788592	2515	1.0
807788592	9449	1.0
810591255	4570	1.0
810591255	1056	2.0
810591255	5166	4.0
810591255	2173	1.0
810591255	2173	1.0
810591255	14985	2.0
810591255	10412	1.0
811683976	395	3.0
811683976	395	3.0
811683976	392	2.0
811683976	392	2.0
811683976	2744	2.0
811683976	2744	2.0
811683976	383	5.0
812393633	2456	1.0
812393633	523	1.0
812393633	523	1.0
812393633	3520	1.0
812393633	3520	1.0
812393633	14333	1.0
812393633	14333	1.0
813934312	2644	1.0
813934312	2644	1.0
813934312	6444	2.0
813934312	6444	2.0
813934312	2219	2.0
813934312	1089	1.0
813934312	857	1.0
819224648	4106	1.0
819224648	4106	1.0
819224648	390	1.0
819224648	4047	1.0
819224648	4047	1.0
819224648	800	1.0
819224648	800	1.0
821290044	523	2.0
821290044	523	2.0
821290044	822	2.0
821290044	822	2.0
821290044	8147	4.0
821290044	6349	1.0
821290044	212	3.0
822341291	2456	1.0
822341291	3520	1.0
822341291	3520	1.0
822341291	366	1.0
822341291	366	1.0
822341291	2508	1.0
822341291	2508	1.0
825965064	2577	1.0
825965064	6442	2.0
825965064	2219	1.0
825965064	4929	3.0
825965064	28665	4.0
825965064	28663	2.0
825965064	28349	3.0
829850173	395	2.0
829850173	392	2.0
829850173	386	2.0
829850173	382	1.0
829850173	386	2.0
829850173	382	1.0
829850173	392	2.0
831041150	403	1.0
831041150	403	1.0
831041150	6436	1.0
831041150	6436	1.0
831041150	54	5.0
831041150	54	5.0
831041150	2161	2.0
832170969	6462	1.0
832170969	1371	4.0
832170969	8270	2.0
832170969	3675	2.0
832170969	8270	2.0
832170969	336	2.0
832170969	1401	2.0
834747841	676	2.0
834747841	1851	1.0
834747841	1374	2.0
834747841	1374	2.0
834747841	2485	1.0
834747841	58601	5.0
834747841	2375	1.0
836607961	1371	3.0
836607961	85	1.0
836607961	85	1.0
836607961	8270	1.0
836607961	4629	3.0
836607961	4629	3.0
836607961	25038	4.0
839078021	3675	2.0
839078021	8270	2.0
839078021	7935	4.0
839078021	7935	4.0
839078021	1118	1.0
839078021	5579	3.0
839078021	5579	3.0
839761816	523	5.0
839761816	523	5.0
839761816	6346	1.0
839761816	6346	1.0
839761816	2221	1.0
839761816	2221	1.0
839761816	1618	2.0
840734716	9439	1.0
840734716	9439	1.0
840734716	1374	2.0
840734716	9446	1.0
840734716	9446	1.0
840734716	13264	1.0
840734716	13264	1.0
840967742	366	1.0
840967742	403	1.0
840967742	403	1.0
840967742	4106	1.0
840967742	4106	1.0
840967742	336	3.0
840967742	66	2.0
842201109	2644	3.0
842201109	2644	3.0
842201109	1405	1.0
842201109	6442	5.0
842201109	6442	5.0
842201109	6444	3.0
842201109	6444	3.0
844811417	1405	1.0
844811417	6442	2.0
844811417	1613	1.0
844811417	1333	4.0
844811417	4629	3.0
844811417	6439	2.0
844811417	6452	2.0
845026329	2486	1.0
845026329	4860	2.0
845026329	28665	1.0
845026329	38396	2.0
845026329	16456	1.0
845026329	1860	1.0
845026329	4859	1.0
845806248	2456	1.0
845806248	2456	1.0
845806248	2577	1.0
845806248	2577	1.0
845806248	3520	2.0
845806248	8147	4.0
845806248	8147	4.0
848603860	2456	1.0
848603860	2456	1.0
848603860	6346	1.0
848603860	6346	1.0
848603860	822	1.0
848603860	822	1.0
848603860	1333	1.0
848803466	2456	2.0
848803466	2456	2.0
848803466	6346	2.0
848803466	2055	1.0
848803466	2055	1.0
848803466	2577	2.0
848803466	2577	2.0
849137244	1089	1.0
849137244	1089	1.0
849137244	12198	2.0
849137244	12198	2.0
849137244	12198	2.0
849137244	1073	2.0
849137244	1073	2.0
849835133	2644	1.0
849835133	6442	1.0
849835133	1613	3.0
849835133	1613	3.0
849835133	6462	3.0
849835133	6462	3.0
849835133	6454	4.0
850047135	1333	1.0
850047135	1371	5.0
850047135	1348	1.0
850047135	166	2.0
850047135	59706	4.0
850047135	6536	1.0
850047135	4745	1.0
851000487	395	3.0
851000487	382	2.0
851000487	382	2.0
851000487	392	3.0
851000487	383	2.0
851000487	4047	2.0
851000487	4047	2.0
854173278	523	1.0
854173278	523	1.0
854173278	2644	3.0
854173278	2644	3.0
854173278	1405	3.0
854173278	1405	3.0
854173278	1371	4.0
855149744	1371	2.0
855149744	4570	1.0
855149744	1348	2.0
855149744	955	2.0
855149744	17353	2.0
855149744	2184	1.0
855149744	17369	1.0
857881455	6454	2.0
857881455	6454	2.0
857881455	2219	1.0
857881455	6523	1.0
857881455	6523	1.0
857881455	46511	1.0
857881455	22920	2.0
859397759	403	3.0
859397759	1333	2.0
859397759	212	3.0
859397759	4629	2.0
859397759	15711	2.0
859397759	8046	3.0
859397759	3336	1.0
862479882	85	1.0
862479882	85	1.0
862479882	8270	3.0
862479882	12198	3.0
862479882	9429	3.0
862479882	5567	2.0
862479882	5567	2.0
863994703	523	2.0
863994703	523	2.0
863994703	2055	1.0
863994703	2055	1.0
863994703	1405	1.0
863994703	822	1.0
863994703	92	2.0
865388438	366	2.0
865388438	403	2.0
865388438	395	3.0
865388438	395	3.0
865388438	403	2.0
865388438	382	2.0
865388438	392	1.0
865949645	2218	1.0
865949645	2218	1.0
865949645	3951	1.0
865949645	996	1.0
865949645	996	1.0
865949645	13232	1.0
865949645	15655	1.0
866307762	6444	1.0
866307762	2221	2.0
866307762	1367	1.0
866307762	1367	1.0
866307762	8263	2.0
866307762	15711	2.0
866307762	15711	2.0
866484561	1039	1.0
866484561	1039	1.0
866484561	1039	1.0
866484561	25038	2.0
866484561	25038	2.0
866484561	31923	1.0
866484561	31923	1.0
867751435	3675	3.0
867751435	3675	3.0
867751435	7935	1.0
867751435	7935	1.0
867751435	5579	2.0
867751435	48	1.0
867751435	48	1.0
868457018	2456	2.0
868457018	523	2.0
868457018	6346	1.0
868457018	6346	1.0
868457018	2055	1.0
868457018	2055	1.0
868457018	92	1.0
868563954	1371	3.0
868563954	1371	3.0
868563954	85	3.0
868563954	85	3.0
868563954	85	3.0
868563954	85	3.0
868563954	8270	4.0
868580920	8168	1.0
868580920	5166	1.0
868580920	5166	1.0
868580920	6605	2.0
868580920	7942	1.0
868580920	7942	1.0
868580920	4806	2.0
868803222	2644	4.0
868803222	2644	4.0
868803222	2133	2.0
868803222	1405	1.0
868803222	1405	1.0
868803222	6442	2.0
868803222	6442	2.0
869938313	9449	3.0
869938313	9439	2.0
869938313	9444	2.0
869938313	9523	3.0
869938313	15582	1.0
869938313	3165	1.0
869938313	9434	2.0
870285283	3520	1.0
870285283	2455	1.0
870285283	11524	1.0
870285283	2527	1.0
870285283	11394	1.0
870285283	332	1.0
870285283	18805	2.0
870945914	1613	1.0
870945914	1333	2.0
870945914	4629	1.0
870945914	6439	2.0
870945914	1356	2.0
870945914	6432	1.0
870945914	955	1.0
871722267	92	1.0
871722267	403	5.0
871722267	1883	5.0
871722267	6288	1.0
871722267	6288	1.0
871722267	41	1.0
871722267	41	1.0
876224855	2055	1.0
876224855	2055	1.0
876224855	92	1.0
876224855	8147	3.0
876224855	8147	3.0
876224855	2744	1.0
876224855	2744	1.0
877708007	3675	1.0
877708007	3675	1.0
877708007	1039	2.0
877708007	1089	2.0
877708007	1039	2.0
877708007	1089	2.0
877708007	8263	2.0
880424212	2455	2.0
880424212	54	1.0
880424212	54	1.0
880424212	800	1.0
880424212	800	1.0
880424212	18828	3.0
880424212	22825	1.0
882373622	14394	1.0
882373622	8168	1.0
882373622	8168	1.0
882373622	18828	1.0
882373622	4929	2.0
882373622	39455	4.0
882373622	39455	4.0
882515278	523	3.0
882515278	523	3.0
882515278	1089	2.0
882515278	1056	2.0
882515278	1056	2.0
882515278	12198	1.0
882515278	12198	1.0
884912554	3520	1.0
884912554	2455	1.0
884912554	2455	1.0
884912554	335	2.0
884912554	335	2.0
884912554	8082	2.0
884912554	8082	2.0
886655515	2456	1.0
886655515	2456	1.0
886655515	14333	1.0
886655515	14333	1.0
886655515	390	1.0
886655515	390	1.0
886655515	6397	1.0
887330632	523	1.0
887330632	523	1.0
887330632	2055	1.0
887330632	366	1.0
887330632	366	1.0
887330632	1637	1.0
887330632	1643	1.0
887425704	4629	1.0
887425704	8046	1.0
887425704	3336	2.0
887425704	59706	2.0
887425704	5047	1.0
887425704	2897	2.0
887425704	1428	1.0
887473426	1874	2.0
887473426	1874	2.0
887473426	18828	1.0
887473426	800	1.0
887473426	800	1.0
887473426	4880	1.0
887473426	18828	1.0
887788287	2456	4.0
887788287	523	3.0
887788287	523	3.0
887788287	2577	2.0
887788287	2577	2.0
887788287	92	2.0
887788287	92	2.0
891713073	2456	1.0
891713073	6346	1.0
891713073	6346	1.0
891713073	2055	1.0
891713073	2055	1.0
891713073	2577	2.0
891713073	2577	2.0
892014247	6346	1.0
892014247	6346	1.0
892014247	2644	2.0
892014247	1405	2.0
892014247	822	2.0
892014247	2218	1.0
892014247	9429	2.0
892281390	1348	2.0
892281390	13800	1.0
892281390	6046	2.0
892281390	1702	2.0
892281390	2079	3.0
892281390	6035	1.0
892281390	134	1.0
896086770	212	1.0
896086770	85	3.0
896086770	85	3.0
896086770	8270	5.0
896086770	8270	5.0
896086770	3675	2.0
896086770	3675	2.0
896621261	366	3.0
896621261	2161	2.0
896621261	91	3.0
896621261	410	1.0
896621261	331	2.0
896621261	331	2.0
896621261	1551	1.0
896737771	6436	1.0
896737771	6436	1.0
896737771	2486	1.0
896737771	2486	1.0
896737771	2161	2.0
896737771	380	1.0
896737771	1640	2.0
897477229	6536	2.0
897477229	7556	1.0
897477229	7556	1.0
897477229	9444	1.0
897477229	9444	1.0
897477229	16493	1.0
897477229	16493	1.0
898710589	2644	2.0
898710589	2133	2.0
898710589	6442	1.0
898710589	1613	1.0
898710589	7878	2.0
898710589	7878	2.0
898710589	1333	2.0
900254786	2644	2.0
900254786	2644	2.0
900254786	2133	2.0
900254786	6462	2.0
900254786	6462	2.0
900254786	6436	1.0
900254786	2219	1.0
900904289	1089	2.0
900904289	1040	2.0
900904289	1040	2.0
900904289	1046	2.0
900904289	1046	2.0
900904289	1104	1.0
900904289	3853	2.0
901124502	8147	1.0
901124502	8147	1.0
901124502	8146	1.0
901124502	8146	1.0
901124502	392	1.0
901124502	382	1.0
901124502	382	1.0
902243410	6346	3.0
902243410	2055	3.0
902243410	2055	3.0
902243410	2577	2.0
902243410	2577	2.0
902243410	822	3.0
902243410	92	1.0
904856456	85	1.0
904856456	85	1.0
904856456	4859	1.0
904856456	4859	1.0
904856456	25038	3.0
904856456	25038	3.0
904856456	58601	3.0
905128826	403	1.0
905128826	18	1.0
905128826	14394	1.0
905128826	14750	1.0
905128826	335	1.0
905128826	55590	1.0
905128826	7340	1.0
905498786	2508	3.0
905498786	14333	4.0
905498786	14333	4.0
905498786	6285	1.0
905498786	14330	2.0
905498786	11524	3.0
905498786	11524	3.0
907030569	3520	1.0
907030569	3520	1.0
907030569	8147	1.0
907030569	2508	1.0
907030569	2508	1.0
907030569	212	2.0
907030569	14333	2.0
908466192	2456	1.0
908466192	3520	2.0
908466192	2508	3.0
908466192	2508	3.0
908466192	14333	3.0
908466192	14333	3.0
908466192	1618	2.0
911324648	2644	2.0
911324648	1405	1.0
911324648	1405	1.0
911324648	822	1.0
911324648	822	1.0
911324648	6444	1.0
911324648	6462	1.0
917343605	1333	2.0
917343605	1333	2.0
917343605	1631	2.0
917343605	1631	2.0
917343605	4629	2.0
917343605	4629	2.0
917343605	1348	5.0
917751398	2486	1.0
917751398	66	1.0
917751398	66	1.0
917751398	4880	5.0
917751398	4880	5.0
917751398	4860	3.0
917751398	4859	2.0
917894963	2644	1.0
917894963	2644	1.0
917894963	2133	1.0
917894963	6442	1.0
917894963	6442	1.0
917894963	11684	1.0
917894963	3336	1.0
918824840	1401	1.0
918824840	1039	4.0
918824840	37410	2.0
918824840	37410	2.0
918824840	1350	2.0
918824840	1360	2.0
918824840	25038	1.0
919439100	2456	2.0
919439100	2456	2.0
919439100	523	3.0
919439100	6346	1.0
919439100	2055	3.0
919439100	2133	2.0
919439100	822	1.0
919697435	2456	1.0
919697435	523	1.0
919697435	2055	1.0
919697435	8147	1.0
919697435	8146	1.0
919697435	386	2.0
919697435	4913	1.0
919914249	6346	1.0
919914249	9449	1.0
919914249	87793	1.0
919914249	16493	1.0
919914249	9483	1.0
919914249	9528	1.0
919914249	9438	3.0
920632088	2644	1.0
920632088	2644	1.0
920632088	1405	2.0
920632088	1405	2.0
920632088	6442	5.0
920632088	6444	2.0
920632088	6444	2.0
920649410	386	1.0
920649410	386	1.0
920649410	418	4.0
920649410	418	4.0
920649410	38396	1.0
920649410	5603	2.0
920649410	5603	2.0
920798425	403	2.0
920798425	4106	2.0
920798425	336	1.0
920798425	1883	1.0
920798425	262	2.0
920798425	11451	1.0
920798425	1960	5.0
924384285	2456	2.0
924384285	2456	2.0
924384285	6346	1.0
924384285	676	2.0
924384285	676	2.0
924384285	2929	2.0
924384285	2929	2.0
927402278	54	1.0
927402278	676	1.0
927402278	22825	1.0
927402278	53758	1.0
927402278	2513	1.0
927402278	348	5.0
927402278	46666	1.0
927493091	2644	2.0
927493091	2644	2.0
927493091	7878	1.0
927493091	7878	1.0
927493091	6440	1.0
927493091	1350	5.0
927493091	59706	1.0
930933331	3520	1.0
930933331	8146	2.0
930933331	212	3.0
930933331	392	3.0
930933331	2744	1.0
930933331	4106	2.0
930933331	383	4.0
931411372	212	2.0
931411372	386	3.0
931411372	80	5.0
931411372	262	4.0
931411372	758	1.0
931411372	5603	2.0
931411372	1759	1.0
932970239	7878	2.0
932970239	212	1.0
932970239	212	1.0
932970239	85	1.0
932970239	85	1.0
932970239	3675	2.0
932970239	8270	2.0
935740334	395	5.0
935740334	392	3.0
935740334	382	4.0
935740334	382	4.0
935740334	392	3.0
935740334	383	3.0
935740334	383	3.0
936986938	85	1.0
936986938	336	1.0
936986938	18	2.0
936986938	18	2.0
936986938	8263	3.0
936986938	8263	3.0
936986938	23156	2.0
937147281	7556	2.0
937147281	7556	2.0
937147281	16493	1.0
937147281	14316	1.0
937147281	14316	1.0
937147281	340	2.0
937147281	14318	1.0
942260912	1333	3.0
942260912	1333	3.0
942260912	8046	2.0
942260912	9429	2.0
942260912	9429	2.0
942260912	5047	2.0
942260912	5107	3.0
943251384	8263	2.0
943251384	17305	2.0
943251384	6605	1.0
943251384	9429	2.0
943251384	28349	5.0
943251384	645	1.0
943251384	9504	2.0
943496822	2456	1.0
943496822	2456	1.0
943496822	6346	1.0
943496822	2145	1.0
943496822	2145	1.0
943496822	6462	1.0
943496822	6462	1.0
946516729	1333	2.0
946516729	1333	2.0
946516729	4629	1.0
946516729	6194	1.0
946516729	6194	1.0
946516729	9429	1.0
946516729	5603	1.0
946775412	2145	3.0
946775412	2194	1.0
946775412	9439	1.0
946775412	9449	1.0
946775412	1654	2.0
946775412	2513	4.0
946775412	5003	2.0
947178182	9449	1.0
947178182	9439	3.0
947178182	16979	3.0
947178182	9446	1.0
947178182	9504	1.0
947178182	9521	2.0
947178182	9523	2.0
950370294	403	1.0
950370294	7942	2.0
950370294	9504	1.0
950370294	9523	2.0
950370294	14201	2.0
950370294	18765	1.0
950370294	3146	1.0
952843341	2133	1.0
952843341	1613	1.0
952843341	6462	4.0
952843341	1350	1.0
952843341	3951	3.0
952843341	3951	3.0
952843341	1360	1.0
954780357	1405	1.0
954780357	6463	1.0
954780357	4570	1.0
954780357	4570	1.0
954780357	5166	1.0
954780357	28665	1.0
954780357	38396	1.0
956217729	1371	2.0
956217729	85	2.0
956217729	85	2.0
956217729	1039	2.0
956217729	1089	1.0
956217729	1089	1.0
956217729	1039	2.0
957406107	403	2.0
957406107	336	1.0
957406107	262	1.0
957406107	9446	3.0
957406107	9504	2.0
957406107	91	1.0
957406107	27099	1.0
959626557	2644	1.0
959626557	1405	1.0
959626557	7878	1.0
959626557	7878	1.0
959626557	2221	1.0
959626557	2221	1.0
959626557	6436	1.0
960169655	2644	1.0
960169655	2644	1.0
960169655	2133	2.0
960169655	2133	2.0
960169655	1039	1.0
960169655	1089	3.0
960169655	37410	2.0
962701469	2456	3.0
962701469	2456	3.0
962701469	2456	3.0
962701469	2456	3.0
962701469	523	2.0
962701469	523	2.0
962701469	523	2.0
964494726	2644	2.0
964494726	2644	2.0
964494726	6442	3.0
964494726	8146	2.0
964494726	7878	2.0
964494726	7878	2.0
964494726	212	2.0
965012036	4570	2.0
965012036	15711	2.0
965012036	38417	1.0
965012036	38417	1.0
965012036	32301	1.0
965012036	32301	1.0
965012036	3165	2.0
968488419	9429	2.0
968488419	9429	2.0
968488419	1330	3.0
968488419	2897	1.0
968488419	2897	1.0
968488419	5753	3.0
968488419	5107	2.0
971816886	8270	2.0
971816886	3675	2.0
971816886	1056	2.0
971816886	8263	2.0
971816886	2929	2.0
971816886	8251	2.0
971816886	7388	3.0
974672789	6346	2.0
974672789	822	2.0
974672789	1631	2.0
974672789	390	1.0
974672789	1637	3.0
974672789	800	4.0
974672789	313	1.0
974967059	1371	3.0
974967059	1371	3.0
974967059	4629	2.0
974967059	4629	2.0
974967059	1367	4.0
974967059	1348	3.0
974967059	1348	3.0
975533430	2456	1.0
975533430	2456	1.0
975533430	6346	2.0
975533430	2644	5.0
975533430	2055	1.0
975533430	2133	3.0
975533430	2133	3.0
977410339	395	1.0
977410339	395	1.0
977410339	382	2.0
977410339	382	2.0
977410339	390	1.0
977410339	800	1.0
977410339	769	1.0
977415150	6442	1.0
977415150	6463	1.0
977415150	7878	1.0
977415150	6523	1.0
977415150	8168	2.0
977415150	6452	1.0
977415150	6522	2.0
978063780	18828	2.0
978063780	9449	2.0
978063780	16979	1.0
978063780	9446	2.0
978063780	9504	4.0
978063780	9523	3.0
978063780	11497	2.0
981167332	1618	1.0
981167332	11529	1.0
981167332	4880	5.0
981167332	4880	5.0
981167332	4860	3.0
981167332	16456	1.0
981167332	16456	1.0
981509450	7142	5.0
981509450	33953	4.0
981509450	2052	2.0
981509450	33900	2.0
981509450	33900	2.0
981509450	8998	2.0
981509450	8998	2.0
983571700	3520	1.0
983571700	14333	1.0
983571700	6285	1.0
983571700	18828	1.0
983571700	2528	1.0
983571700	17232	2.0
983571700	100032	1.0
988078047	25038	1.0
988078047	25038	1.0
988078047	90450	1.0
988078047	90450	1.0
988078047	146866	2.0
988078047	146866	2.0
988078047	2694	2.0
989038486	1371	1.0
989038486	857	2.0
989038486	166	2.0
989038486	166	2.0
989038486	1356	2.0
989038486	1356	2.0
989038486	1403	1.0
989252528	8146	1.0
989252528	4913	1.0
989252528	4913	1.0
989252528	11684	1.0
989252528	11684	1.0
989252528	31923	1.0
989252528	14163	1.0
989680496	2644	1.0
989680496	2644	1.0
989680496	2133	1.0
989680496	403	1.0
989680496	418	1.0
989680496	8263	1.0
989680496	8263	1.0
990973627	1401	2.0
990973627	4629	1.0
990973627	1360	1.0
990973627	6194	1.0
990973627	17353	1.0
990973627	17353	1.0
990973627	7388	2.0
993700066	1034	1.0
993700066	1669	1.0
993700066	5567	2.0
993700066	6046	2.0
993700066	82575	1.0
993700066	82575	1.0
993700066	3539	1.0
995313007	2145	1.0
995313007	2508	2.0
995313007	14333	1.0
995313007	14330	1.0
995313007	1874	1.0
995313007	14386	1.0
995313007	2515	1.0
995697420	6346	2.0
995697420	6346	2.0
995697420	2055	1.0
995697420	2055	1.0
995697420	2577	1.0
995697420	822	2.0
995697420	822	2.0
997198723	6346	1.0
997198723	2577	1.0
997198723	92	1.0
997198723	4767	2.0
997198723	2508	2.0
997198723	6349	1.0
997198723	14333	2.0
997837695	14985	3.0
997837695	4058	2.0
997837695	65261	5.0
997837695	15697	3.0
997837695	15019	3.0
997837695	15721	2.0
997837695	48920	3.0
998628971	6442	2.0
998628971	7878	1.0
998628971	6454	2.0
998628971	2219	2.0
998628971	6440	2.0
998628971	6523	2.0
998628971	2134	1.0
999095603	523	2.0
999095603	523	2.0
999095603	6346	2.0
999095603	6346	2.0
999095603	2644	3.0
999095603	2644	3.0
999095603	2133	5.0
