Original	Mapped
United Kingdom	0
Georgia	1
United States	2
Canada	3
Brazil	4
Cuba	5
Australia	6
Barbados	7
Iceland	8
South Korea	9
Norway	10
Denmark	11
New Zealand	12
Ireland	13
Chile	14
France	15
Sweden	16
Mexico	17
Algeria	18
Venezuela	19
Netherlands	20
Germany	21
Israel	22
Jamaica	23
Colombia	24
Japan	25
Korea	26
Lithuania	27
Russia	28
Philippines	29
Finland	30
Italy	31
Austria	32
Switzerland	33
Romania	34
Belgium	35
Argentina	36
Spain	37
Puerto Rico	38
Bangladesh	39
India	40
Guatemala	41
Greece	42
Kazakhstan	43
South Africa	44
Indonesia	45
Portugal	46
Costa Rica	47
Estonia	48
Ukraine	49
Uruguay	50
Turkey	51
China	52
Poland	53
Singapore	54
Tanzania	55
Belarus	56
Bulgaria	57
Guyana	58
Thailand	59
Cameroon	60
Niger	61
Martinique	62
Sudan	63
United Arab Emirates	64
Taiwan	65
Moldova	66
Albania	67
Serbia	68
Armenia	69
Azerbaijan	70
Macedonia	71
Slovenia	72
Latvia	73
Lebanon	74
Malaysia	75
Hong Kong	76
Greenland	77
Panama	78
Slovakia	79
Hungary	80
Egypt	81
Dominican Republic	82
Croatia	83
Morocco	84
Uzbekistan	85
Cyprus	86
Malta	87
Senegal	88
Syria	89
Ghana	90
Ethiopia	91
Guadeloupe	92
French Guiana	93
Uganda	94
San Marino	95
Bermuda	96
Pakistan	97
Somalia	98
Libya	99
Montenegro	100
Jordan	101
Nicaragua	102
Kenya	103
Bhutan	104
Ecuador	105
Faroe Islands	106
Suriname	107
Gibraltar	108
Sri Lanka	109
Guinea	110
Tunisia	111
Mongolia	112
Angola	113
Gabon	114
Mozambique	115
Zimbabwe	116
Dominica	117
Haiti	118
Yemen	119
Zambia	120
Vietnam	121
Luxembourg	122
Burundi	123
Kyrgyzstan	124
Bolivia	125
Czechia	126
Benin	127
Samoa	128
Cambodia	129
Reunion	130
Grenada	131
Eritrea	132
Afghanistan	133
