Original	Mapped
Brazil	0
United States	1
Iceland	2
Italy	3
Lithuania	4
United Kingdom	5
Netherlands	6
Finland	7
Bosnia and Herzegovina	8
Trinidad and Tobago	9
Germany	10
Australia	11
Chile	12
Turkey	13
India	14
Åland Islands	15
Antarctica	16
Portugal	17
Russian Federation	18
New Zealand	19
Poland	20
Viet Nam	21
Japan	22
Greece	23
Sweden	24
Spain	25
Canada	26
Indonesia	27
Angola	28
Serbia	29
Maldives	30
Iran, Islamic Republic of	31
Mexico	32
Morocco	33
Argentina	34
Uganda	35
France	36
Ireland	37
Malaysia	38
Philippines	39
Austria	40
Israel	41
Iraq	42
South Georgia and the South Sandwich Islands	43
Singapore	44
South Africa	45
Thailand	46
Switzerland	47
Estonia	48
Nigeria	49
Belgium	50
Colombia	51
Korea, Republic of	52
Namibia	53
Ukraine	54
Hong Kong	55
Peru	56
Paraguay	57
Slovakia	58
Czech Republic	59
China	60
Nicaragua	61
Tajikistan	62
Virgin Islands, British	63
Greenland	64
Gibraltar	65
Norway	66
Honduras	67
Venezuela	68
Niue	69
Georgia	70
Bulgaria	71
Guadeloupe	72
Tonga	73
Guatemala	74
Kazakhstan	75
Belarus	76
Uruguay	77
Taiwan	78
Panama	79
Rwanda	80
Hungary	81
Latvia	82
Montenegro	83
Kuwait	84
Romania	85
Costa Rica	86
Puerto Rico	87
Egypt	88
Somalia	89
Denmark	90
Cyprus	91
Croatia	92
Palestinian Territory, Occupied	93
Dominican Republic	94
Albania	95
Ecuador	96
Jordan	97
Saint Barthélemy	98
Moldova	99
Pakistan	100
Saudi Arabia	101
United States Minor Outlying Islands	102
Ghana	103
Bangladesh	104
Korea, Democratic People's Republic of	105
Macao	106
Christmas Island	107
French Guiana	108
Azerbaijan	109
Swaziland	110
Cote D'Ivoire	111
Bahamas	112
Reunion	113
Timor-Leste	114
Botswana	115
Jersey	116
Niger	117
United Arab Emirates	118
Heard Island and Mcdonald Islands	119
Micronesia, Federated States of	120
Svalbard and Jan Mayen	121
Fiji	122
Mozambique	123
Afghanistan	124
Chad	125
Vanuatu	126
Tunisia	127
Saint Pierre and Miquelon	128
Bonaire, Sint Eustatius and Saba	129
Solomon Islands	130
Armenia	131
Barbados	132
Togo	133
Saint Helena	134
Zimbabwe	135
Turkmenistan	136
Belize	137
Oman	138
Aruba	139
Cuba	140
Liechtenstein	141
Myanmar	142
Mongolia	143
Isle of Man	144
Cape Verde	145
Mauritius	146
Burkina Faso	147
Virgin Islands, U.s.	148
Saint Kitts and Nevis	149
Macedonia	150
Jamaica	151
Holy See (Vatican City State)	152
Lebanon	153
Faroe Islands	154
Slovenia	155
Uzbekistan	156
Cocos (Keeling) Islands	157
Bolivia	158
Kyrgyzstan	159
Syrian Arab Republic	160
Sint Maarten	161
Marshall Islands	162
Yemen	163
Western Sahara	164
Serbia and Montenegro	165
El Salvador	166
Sudan	167
Congo	168
Nepal	169
French Polynesia	170
Dominica	171
Algeria	172
Gambia	173
Cambodia	174
British Indian Ocean Territory	175
Turks and Caicos Islands	176
Cook Islands	177
Djibouti	178
Sierra Leone	179
Libyan Arab Jamahiriya	180
Wallis and Futuna	181
Malta	182
Sri Lanka	183
Cameroon	184
Madagascar	185
Bermuda	186
Norfolk Island	187
Northern Mariana Islands	188
Senegal	189
Saint Martin (French part)	190
American Samoa	191
Guam	192
Monaco	193
Luxembourg	194
Papua New Guinea	195
French Southern Territories	196
Andorra	197
Eritrea	198
Mauritania	199
Qatar	200
Brunei Darussalam	201
Zambia	202
Kenya	203
Bahrain	204
Saint Lucia	205
Lao People's Democratic Republic	206
Equatorial Guinea	207
Curaçao	208
Bhutan	209
Tokelau	210
Cayman Islands	211
Saint Vincent and the Grenadines	212
Grenada	213
Antigua and Barbuda	214
Tuvalu	215
Seychelles	216
Tanzania, United Republic of	217
Palau	218
Mayotte	219
Comoros	220
