437039	6086	2.0
437039	6086	2.0
437039	4501	1.0
1360335	4873	1.0
1360335	39502	2.0
1360335	39502	2.0
3319244	90515	1.0
3319244	87419	1.0
3319244	1338	2.0
4104458	1869	1.0
4104458	1869	1.0
4104458	4880	2.0
5860433	69461	5.0
5860433	22502	1.0
5860433	48970	1.0
6945700	70632	1.0
6945700	96348	1.0
6945700	76044	1.0
8296631	53173	1.0
8296631	44053	3.0
8296631	890	5.0
9695070	86247	1.0
9695070	13287	2.0
9695070	14172	5.0
10080137	155971	1.0
10080137	33048	1.0
10080137	2297	1.0
10678420	8980	1.0
10678420	51464	1.0
10678420	51464	1.0
11960004	39856	1.0
11960004	39856	1.0
11960004	39891	4.0
13817054	3605	1.0
13817054	10534	1.0
13817054	10412	3.0
17929709	297827	1.0
17929709	297827	1.0
17929709	59641	2.0
20163119	869	4.0
20163119	30325	1.0
20163119	1223	1.0
20520027	54648	1.0
20520027	54648	1.0
20520027	54648	1.0
21039974	14423	1.0
21039974	523	2.0
21039974	523	2.0
22994261	297827	5.0
22994261	10412	5.0
22994261	10412	5.0
23180180	63054	1.0
23180180	53223	5.0
23180180	53223	5.0
25665935	104818	1.0
25665935	4210	1.0
25665935	4210	1.0
27614353	71382	5.0
27614353	71382	5.0
27614353	18773	4.0
28899189	25819	2.0
28899189	17232	1.0
28899189	879	1.0
29052925	9372	1.0
29052925	59641	5.0
29052925	59641	5.0
29541245	86247	5.0
29541245	86247	5.0
29541245	4880	1.0
30900723	10649	1.0
30900723	1069	5.0
30900723	1069	5.0
33364285	2707	2.0
33364285	2707	2.0
33364285	1378	1.0
35938722	1393	1.0
35938722	36493	1.0
35938722	3333	5.0
36590093	13758	4.0
36590093	3631	4.0
36590093	3631	4.0
37131788	21456	1.0
37131788	31438	1.0
37131788	40668	1.0
38409441	116637	1.0
38409441	116637	1.0
38409441	6494	1.0
40624631	53223	2.0
40624631	13325	1.0
40624631	2450	2.0
40998151	13284	1.0
40998151	46594	1.0
40998151	13260	1.0
41095826	2458	1.0
41095826	2458	1.0
41095826	13629	1.0
41384280	142880	1.0
41384280	69736	5.0
41384280	27288	3.0
42568187	43428	3.0
42568187	131087	1.0
42568187	1393	1.0
44185852	43506	1.0
44185852	43506	1.0
44185852	43506	1.0
44421158	4285	1.0
44421158	4285	1.0
44421158	32692	4.0
44829567	52132	1.0
44829567	112952	1.0
44829567	5087	3.0
45904679	2293	1.0
45904679	332	2.0
45904679	332	2.0
47821460	13337	4.0
47821460	13337	4.0
47821460	4285	1.0
49237446	8046	2.0
49237446	8046	2.0
49237446	17358	2.0
51566324	184621	1.0
51566324	116637	1.0
51566324	54650	3.0
53793226	21456	5.0
53793226	80327	2.0
53793226	11431	1.0
54310950	31421	1.0
54310950	28669	2.0
54310950	2458	2.0
54739677	9500	2.0
54739677	4873	3.0
54739677	4873	3.0
55659790	18628	5.0
55659790	18628	5.0
55659790	25833	4.0
57222798	2458	2.0
57222798	2420	1.0
57222798	15400	1.0
58413725	8168	3.0
58413725	14333	1.0
58413725	6275	1.0
60842448	13260	1.0
60842448	13260	1.0
60842448	52132	1.0
61679073	11343	1.0
61679073	11343	1.0
61679073	28209	2.0
61883894	3749	5.0
61883894	9372	4.0
61883894	10644	4.0
62642623	750	1.0
62642623	750	1.0
62642623	33895	2.0
62954197	105819	5.0
62954197	26454	5.0
62954197	161237	2.0
63816737	18688	5.0
63816737	69471	1.0
63816737	18650	2.0
64011398	26029	3.0
64011398	16375	2.0
64011398	119277	5.0
64446084	2349	2.0
64446084	3305	1.0
64446084	331	2.0
64794806	13284	1.0
64794806	13449	2.0
64794806	13466	2.0
67724843	149765	4.0
67724843	2055	2.0
67724843	93003	1.0
68434138	869	1.0
68434138	738	2.0
68434138	738	2.0
70089197	9522	2.0
70089197	23347	2.0
70089197	28923	2.0
72748055	16558	1.0
72748055	1869	1.0
72748055	6291	4.0
74885849	13629	2.0
74885849	69689	1.0
74885849	979	1.0
75525164	142856	1.0
75525164	142856	1.0
75525164	163	4.0
75704319	6467	1.0
75704319	6467	1.0
75704319	8567	5.0
76610483	280414	2.0
76610483	52132	1.0
76610483	52132	1.0
79111010	33048	5.0
79111010	33048	5.0
79111010	10132	1.0
81736407	406476	4.0
81736407	8567	1.0
81736407	6494	5.0
82390766	71382	1.0
82390766	71382	1.0
82390766	12167	3.0
84580037	2420	5.0
84580037	29	5.0
84580037	21426	3.0
85925789	13361	1.0
85925789	1069	1.0
85925789	19970	3.0
87573380	146203	1.0
87573380	43501	3.0
87573380	43501	3.0
88341496	280414	1.0
88341496	171054	1.0
88341496	280427	1.0
90168528	14172	2.0
90168528	14172	2.0
90168528	39034	2.0
91944213	10617	1.0
91944213	191128	3.0
91944213	51464	5.0
92777567	46713	2.0
92777567	89799	3.0
92777567	20883	1.0
94833202	4880	5.0
94833202	4880	5.0
94833202	4873	1.0
95300745	9965	5.0
95300745	1061	4.0
95300745	2450	1.0
98070895	33048	3.0
98070895	33048	3.0
98070895	34606	4.0
99056903	48529	2.0
99056903	48529	2.0
99056903	13292	1.0
101786340	5603	1.0
101786340	4058	2.0
101786340	37087	1.0
103009204	48529	1.0
103009204	11431	5.0
103009204	28665	1.0
103824384	10563	1.0
103824384	10563	1.0
103824384	3350	3.0
104038119	13629	2.0
104038119	15400	4.0
104038119	21725	1.0
104211177	9522	1.0
104211177	56613	1.0
104211177	151355	5.0
105056019	932	3.0
105056019	34575	1.0
105056019	34575	1.0
106305762	71382	1.0
106305762	14172	2.0
106305762	6258	1.0
106814840	183141	2.0
106814840	183141	2.0
106814840	1020	1.0
106819600	26951	1.0
106819600	22025	5.0
106819600	857	1.0
108217161	76044	1.0
108217161	391	4.0
108217161	1223	2.0
108811598	22011	1.0
108811598	13629	2.0
108811598	10412	1.0
109925391	16558	5.0
109925391	16548	1.0
109925391	43718	1.0
111541712	297827	3.0
111541712	95549	1.0
111541712	19000	3.0
112811916	30062	5.0
112811916	30062	5.0
112811916	17232	1.0
113431125	43428	1.0
113431125	1381	1.0
113431125	1034	1.0
114276750	9965	1.0
114276750	9965	1.0
114276750	1069	2.0
117077240	13284	1.0
117077240	13284	1.0
117077240	131073	1.0
118256082	10617	4.0
118256082	1350	2.0
118256082	13242	5.0
119035697	14423	1.0
119035697	14423	1.0
119035697	14333	1.0
119519711	5238	1.0
119519711	2349	2.0
119519711	5796	4.0
121815670	2573	2.0
121815670	2594	2.0
121815670	6258	1.0
123269169	890	1.0
123269169	890	1.0
123269169	22	5.0
124383980	13183	2.0
124383980	28209	5.0
124383980	28209	5.0
124917331	112053	3.0
124917331	13260	5.0
124917331	13260	5.0
125178450	4873	2.0
125178450	149765	1.0
125178450	149765	1.0
126412232	31868	5.0
126412232	31868	5.0
126412232	3758	1.0
127578542	5603	1.0
127578542	48301	1.0
127578542	1654	1.0
129994810	4529	1.0
129994810	110000	1.0
129994810	382	2.0
130596614	142880	4.0
130596614	27288	4.0
130596614	29630	5.0
131105843	2293	1.0
131105843	2293	1.0
131105843	163	1.0
133705730	32825	5.0
133705730	1138	1.0
133705730	348	1.0
135441539	43428	5.0
135441539	1378	4.0
135441539	158968	2.0
135807876	13260	2.0
135807876	33048	3.0
135807876	66255	2.0
136017293	1223	5.0
136017293	1223	5.0
136017293	756	4.0
137056573	21456	1.0
137056573	21456	1.0
137056573	23092	1.0
137481856	36767	1.0
137481856	36767	1.0
137481856	11372	3.0
137819975	74764	1.0
137819975	18688	4.0
137819975	18650	5.0
140531272	48377	1.0
140531272	30884	1.0
140531272	9495	1.0
140921599	1548	5.0
140921599	1548	5.0
140921599	331	4.0
142389604	30279	1.0
142389604	30279	1.0
142389604	4880	1.0
142583614	750	5.0
142583614	33895	1.0
142583614	19355	1.0
142663078	3681	2.0
142663078	3681	2.0
142663078	2859	1.0
143776460	19267	1.0
143776460	19267	1.0
143776460	19355	2.0
144246678	25819	5.0
144246678	25819	5.0
144246678	348	2.0
146271276	4812	5.0
146271276	4812	5.0
146271276	39502	4.0
147266188	21528	1.0
147266188	4880	1.0
147266188	4880	1.0
147593092	4812	1.0
147593092	4812	1.0
147593092	2602	3.0
149418065	8567	1.0
149418065	8567	1.0
149418065	69946	1.0
150599009	5238	1.0
150599009	112033	5.0
150599009	112033	5.0
150888296	3681	5.0
150888296	3681	5.0
150888296	10412	1.0
153769261	152	2.0
153769261	1548	2.0
153769261	7421	2.0
153804831	54	2.0
153804831	54	2.0
153804831	9521	3.0
158633536	39856	1.0
158633536	4873	1.0
158633536	4529	1.0
158818608	2859	2.0
158818608	8262	1.0
158818608	1069	1.0
159349095	9522	2.0
159349095	33048	1.0
159349095	16978	3.0
159619752	152	1.0
159619752	152	1.0
159619752	1654	1.0
161982863	22011	1.0
161982863	13416	4.0
161982863	13337	1.0
163963095	36837	4.0
163963095	36837	4.0
163963095	112033	4.0
164379046	126461	2.0
164379046	126461	2.0
164379046	14172	3.0
164840308	32218	1.0
164840308	32218	1.0
164840308	142567	2.0
167392995	523	5.0
167392995	523	5.0
167392995	2577	2.0
168415832	2859	5.0
168415832	2859	5.0
168415832	131073	1.0
168659013	2515	1.0
168659013	3339	1.0
168659013	14330	1.0
169554145	13629	1.0
169554145	13629	1.0
169554145	13395	1.0
170293684	2911	1.0
170293684	29	2.0
170293684	2780	2.0
173804426	19000	2.0
173804426	3134	2.0
173804426	7686	5.0
178377805	14933	1.0
178377805	6494	2.0
178377805	6442	2.0
180120637	10200	5.0
180120637	46594	1.0
180120637	46594	1.0
183229903	1061	5.0
183229903	8262	4.0
183229903	8262	4.0
183335672	5796	4.0
183335672	5796	4.0
183335672	29	1.0
183755653	6631	5.0
183755653	6631	5.0
183755653	353568	4.0
185391452	96782	1.0
185391452	96782	1.0
185391452	29	1.0
186888688	19355	1.0
186888688	6291	1.0
186888688	4873	2.0
188150437	1086	1.0
188150437	6467	1.0
188150437	6467	1.0
188154936	80327	1.0
188154936	80327	1.0
188154936	73000	1.0
191153410	19000	5.0
191153410	19000	5.0
191153410	2707	1.0
192197998	71382	1.0
192197998	71382	1.0
192197998	13629	1.0
194437771	13316	1.0
194437771	146431	5.0
194437771	146431	5.0
197575184	72319	1.0
197575184	7935	1.0
197575184	7935	1.0
200780452	5087	2.0
200780452	17358	1.0
200780452	1367	1.0
200828703	7935	1.0
200828703	7935	1.0
200828703	46802	5.0
203490577	86387	3.0
203490577	69689	1.0
203490577	19495	3.0
207557800	163	1.0
207557800	395	2.0
207557800	1350	1.0
210083326	13629	1.0
210083326	183141	2.0
210083326	183141	2.0
210345077	51464	1.0
210345077	51464	1.0
210345077	13038	1.0
213564264	30125	3.0
213564264	30125	3.0
213564264	395	2.0
214637321	108	5.0
214637321	108	5.0
214637321	45699	1.0
215288393	119277	5.0
215288393	119277	5.0
215288393	3758	1.0
217910477	32245	4.0
217910477	32245	4.0
217910477	154162	1.0
218061567	406476	2.0
218061567	6442	2.0
218061567	6442	2.0
218064464	112053	5.0
218064464	9522	5.0
218064464	69461	5.0
218463836	280427	5.0
218463836	280427	4.0
218463836	6328	3.0
218499496	8926	4.0
218499496	87419	1.0
218499496	932	2.0
219890852	82131	1.0
219890852	82131	1.0
219890852	110214	2.0
222004524	7935	1.0
222004524	8263	1.0
222004524	8263	1.0
222378418	44053	1.0
222378418	22470	1.0
222378418	6488	1.0
224431266	90515	1.0
224431266	90515	1.0
224431266	1681	1.0
226929971	104175	1.0
226929971	9456	2.0
226929971	14333	1.0
227960683	131087	1.0
227960683	96782	5.0
227960683	96782	5.0
229316012	3730	1.0
229316012	10649	4.0
229316012	10649	4.0
230202366	3749	1.0
230202366	10534	5.0
230202366	3333	1.0
230991131	2177	1.0
230991131	2177	1.0
230991131	7695	1.0
231544364	13317	1.0
231544364	7935	1.0
231544364	7935	1.0
232242946	39938	1.0
232242946	1034	1.0
232242946	1033	1.0
232751507	19000	1.0
232751507	19000	1.0
232751507	258068	1.0
236182035	28209	2.0
236182035	28209	2.0
236182035	268532	3.0
236450846	46594	3.0
236450846	13317	2.0
236450846	46517	2.0
236570605	8595	2.0
236570605	2949	3.0
236570605	331	1.0
237224893	15665	1.0
237224893	15665	1.0
237224893	4987	4.0
237975163	32218	4.0
237975163	32218	4.0
237975163	763377	1.0
240109597	16197	3.0
240109597	90515	2.0
240109597	90515	2.0
240145386	13316	1.0
240145386	456284	1.0
240145386	37087	3.0
241132217	7387	5.0
241132217	30125	1.0
241132217	30125	1.0
241487611	23092	3.0
241487611	96348	1.0
241487611	14172	2.0
244476424	48970	1.0
244476424	996	3.0
244476424	1338	1.0
251054802	83709	2.0
251054802	83709	2.0
251054802	2055	1.0
251726835	2845	3.0
251726835	523	2.0
251726835	3675	1.0
252142872	7387	3.0
252142872	9500	1.0
252142872	5603	1.0
252265186	13629	4.0
252265186	2573	1.0
252265186	25819	2.0
252501335	90515	4.0
252501335	7686	3.0
252501335	7686	3.0
252873224	26029	1.0
252873224	26029	1.0
252873224	112892	2.0
253845840	4880	1.0
253845840	69946	4.0
253845840	4529	1.0
254308951	78067	1.0
254308951	78067	1.0
254308951	996	1.0
255644847	29630	1.0
255644847	29630	1.0
255644847	69689	2.0
256580528	96348	5.0
256580528	11751	1.0
256580528	11751	1.0
257632389	28145	1.0
257632389	28145	1.0
257632389	374	1.0
258454606	274018	3.0
258454606	274018	3.0
258454606	6467	5.0
261131756	53223	5.0
261131756	353568	1.0
261131756	353568	1.0
261897088	3134	3.0
261897088	5087	3.0
261897088	1681	2.0
264490669	18688	2.0
264490669	33048	2.0
264490669	996	1.0
264664342	16375	2.0
264664342	22344	1.0
264664342	46802	3.0
265074500	21674	1.0
265074500	21674	1.0
265074500	151355	2.0
266205636	89930	1.0
266205636	11398	2.0
266205636	88720	1.0
268687780	33890	1.0
268687780	9522	1.0
268687780	8980	1.0
270517831	51464	3.0
270517831	51464	3.0
270517831	59732	2.0
270684850	4880	1.0
270684850	87248	1.0
270684850	5603	1.0
272533798	144952	1.0
272533798	1878	1.0
272533798	35376	2.0
272592018	8163	1.0
272592018	2845	2.0
272592018	8145	2.0
273552676	4255	1.0
273552676	4255	1.0
273552676	2515	1.0
273749013	183141	1.0
273749013	1654	1.0
273749013	395	4.0
275927531	146431	1.0
275927531	9522	5.0
275927531	9495	1.0
276494969	47599	1.0
276494969	23347	1.0
276494969	30325	1.0
277913113	8163	5.0
277913113	6291	1.0
277913113	51464	2.0
279362609	1878	2.0
279362609	8204	2.0
279362609	2440	1.0
281055401	4812	1.0
281055401	83709	5.0
281055401	83709	5.0
282025758	22344	3.0
282025758	51464	1.0
282025758	51464	1.0
282082594	1061	1.0
282082594	1061	1.0
282082594	8262	1.0
283599323	159134	1.0
283599323	13361	2.0
283599323	10693	1.0
284531721	13629	2.0
284531721	13629	2.0
284531721	348	1.0
284956264	14172	1.0
284956264	14172	1.0
284956264	28665	1.0
285073284	43428	5.0
285073284	158968	5.0
285073284	1393	5.0
285125616	67567	1.0
285125616	67567	1.0
285125616	67567	1.0
285764280	10134	2.0
285764280	996	1.0
285764280	996	1.0
285834338	13416	1.0
285834338	36837	1.0
285834338	34847	4.0
292057977	10412	2.0
292057977	3333	2.0
292057977	37215	3.0
293216350	96782	1.0
293216350	2133	1.0
293216350	2133	1.0
295534873	21456	1.0
295534873	32977	1.0
295534873	1874	3.0
298212912	18628	1.0
298212912	2293	5.0
298212912	21458	4.0
298812816	4285	5.0
298812816	4255	1.0
298812816	6467	4.0
300394979	119277	1.0
300394979	119277	1.0
300394979	2055	1.0
300468324	13449	1.0
300468324	13449	1.0
300468324	372	5.0
300550770	4880	2.0
300550770	73000	1.0
300550770	30520	1.0
301273357	7358	2.0
301273357	5796	1.0
301273357	11431	1.0
301634586	1654	4.0
301634586	1654	4.0
301634586	2845	3.0
302929983	14933	3.0
302929983	14933	3.0
302929983	43718	5.0
303968898	53223	1.0
303968898	53223	1.0
303968898	30520	2.0
304521202	7729	5.0
304521202	7686	1.0
304521202	7935	2.0
305198435	8163	1.0
305198435	36837	2.0
305198435	30325	1.0
306788131	32218	1.0
306788131	32218	1.0
306788131	6442	1.0
308069837	4880	2.0
308069837	2420	1.0
308069837	6291	1.0
308136695	2573	4.0
308136695	18773	2.0
308136695	11431	1.0
308550838	10200	1.0
308550838	6494	2.0
308550838	6442	2.0
310042172	1723	4.0
310042172	1723	4.0
310042172	1654	5.0
310288253	76002	5.0
310288253	76002	5.0
310288253	35855	5.0
310543162	80327	1.0
310543162	80327	1.0
310543162	7421	5.0
311782684	1378	1.0
311782684	996	4.0
311782684	4016	1.0
312150212	8163	1.0
312150212	39856	5.0
312150212	39856	5.0
312192417	7421	1.0
312192417	7421	1.0
312192417	7870	2.0
314202723	33048	2.0
314202723	9765	1.0
314202723	6605	2.0
315755027	18748	1.0
315755027	18748	1.0
315755027	4058	1.0
317422613	13629	3.0
317422613	7421	1.0
317422613	3305	2.0
318987728	10537	1.0
318987728	186657	1.0
318987728	27288	1.0
321338819	23092	1.0
321338819	23092	1.0
321338819	26454	1.0
321397292	39856	1.0
321397292	11431	1.0
321397292	4873	1.0
321615853	184621	1.0
321615853	11379	1.0
321615853	69513	1.0
321903542	62661	1.0
321903542	33048	1.0
321903542	32218	2.0
323666726	26029	1.0
323666726	3758	5.0
323666726	24336	3.0
323706924	10412	1.0
323706924	6131	1.0
323706924	7695	5.0
324693134	53832	3.0
324693134	4058	2.0
324693134	4058	2.0
325371875	4880	3.0
325371875	2573	1.0
325371875	6291	1.0
326054326	29	5.0
326054326	22	3.0
326054326	44642	2.0
326404454	15400	3.0
326404454	29	1.0
326404454	7362	3.0
327040247	4880	2.0
327040247	4860	1.0
327040247	2515	4.0
327529889	53223	2.0
327529889	30520	3.0
327529889	13317	2.0
327944461	6619	2.0
327944461	456284	2.0
327944461	33048	3.0
329916725	24938	2.0
329916725	348	3.0
329916725	348	3.0
337928251	121237	2.0
337928251	16445	2.0
337928251	14394	5.0
342728219	9522	5.0
342728219	66660	1.0
342728219	16970	4.0
342940732	104821	5.0
342940732	15665	5.0
342940732	11343	1.0
346828449	52132	2.0
346828449	52132	2.0
346828449	1393	1.0
347239879	13629	5.0
347239879	13629	5.0
347239879	13629	5.0
347845120	13284	5.0
347845120	13284	5.0
347845120	14933	5.0
348200892	5238	1.0
348200892	2349	2.0
348200892	2349	2.0
349376102	8204	3.0
349376102	4834	1.0
349376102	2440	1.0
350532222	2573	1.0
350532222	2573	1.0
350532222	2594	1.0
351784082	96738	2.0
351784082	96782	2.0
351784082	37140	5.0
356529976	126461	1.0
356529976	13260	1.0
356529976	4873	1.0
356797608	119277	1.0
356797608	119277	1.0
356797608	119277	1.0
357691369	5603	1.0
357691369	5603	1.0
357691369	2845	2.0
357928530	7686	2.0
357928530	7686	2.0
357928530	51473	1.0
359137933	2573	1.0
359137933	24938	2.0
359137933	24938	2.0
359757988	9522	2.0
359757988	9495	3.0
359757988	16978	4.0
359980146	523	1.0
359980146	2133	2.0
359980146	2133	2.0
361570371	16197	1.0
361570371	1101	1.0
361570371	8270	3.0
361766627	52132	1.0
361766627	4812	2.0
361766627	2055	3.0
361843878	3158	1.0
361843878	3158	1.0
361843878	71382	4.0
363198213	407742	1.0
363198213	8046	5.0
363198213	1348	2.0
367874149	7421	1.0
367874149	30125	5.0
367874149	24938	1.0
369737199	10617	1.0
369737199	14243	1.0
369737199	14243	1.0
369878967	353	5.0
369878967	112053	1.0
369878967	354	4.0
372580904	2420	1.0
372580904	2420	1.0
372580904	5603	1.0
376921069	4860	1.0
376921069	366	1.0
376921069	366	1.0
376991298	6631	3.0
376991298	13176	1.0
376991298	13176	1.0
377644380	2616	1.0
377644380	18688	1.0
377644380	18688	1.0
379080112	95549	1.0
379080112	152	3.0
379080112	67567	5.0
383356656	1654	1.0
383356656	2845	1.0
383356656	2602	1.0
383698958	13629	2.0
383698958	13629	2.0
383698958	9765	1.0
384077243	159134	1.0
384077243	159134	1.0
384077243	43428	1.0
386662280	76002	2.0
386662280	16255	2.0
386662280	738	1.0
386688716	424	1.0
386688716	51464	2.0
386688716	51464	2.0
389274548	9500	3.0
389274548	9522	1.0
389274548	43428	2.0
390626712	52132	5.0
390626712	52132	5.0
390626712	523	2.0
391441800	36837	5.0
391441800	36767	4.0
391441800	36767	4.0
392373012	86387	1.0
392373012	32218	1.0
392373012	6442	4.0
392451339	13361	2.0
392451339	13361	2.0
392451339	391	4.0
394219840	53173	5.0
394219840	53173	5.0
394219840	53173	5.0
394666399	6631	1.0
394666399	6631	1.0
394666399	88719	1.0
395893135	13434	1.0
395893135	152	1.0
395893135	13449	1.0
397828813	43428	2.0
397828813	46517	2.0
397828813	1350	2.0
400980637	20607	4.0
400980637	9495	2.0
400980637	97207	1.0
402625885	2656	1.0
402625885	996	5.0
402625885	996	5.0
406618918	2594	2.0
406618918	2349	5.0
406618918	6258	3.0
408810683	29630	1.0
408810683	53915	2.0
408810683	69772	2.0
410404458	261463	1.0
410404458	261463	1.0
410404458	6605	1.0
412793283	105819	1.0
412793283	26454	1.0
412793283	8567	2.0
413359946	53173	1.0
413359946	53173	1.0
413359946	280419	1.0
413765486	22470	4.0
413765486	22470	5.0
413765486	10693	4.0
415692646	9965	1.0
415692646	3730	5.0
415692646	3730	5.0
416071417	1378	1.0
416071417	1378	1.0
416071417	1350	1.0
417475405	131087	5.0
417475405	131087	5.0
417475405	54723	2.0
423557702	69736	1.0
423557702	69736	1.0
423557702	13325	1.0
423659823	5238	1.0
423659823	25819	1.0
423659823	25819	1.0
425084124	11343	5.0
425084124	11343	5.0
425084124	121237	4.0
426799501	83709	1.0
426799501	857	1.0
426799501	2133	1.0
427105750	35376	5.0
427105750	16255	2.0
427105750	24938	1.0
427149422	105819	2.0
427149422	112892	4.0
427149422	112892	4.0
428760621	7935	2.0
428760621	74746	1.0
428760621	1338	2.0
429085252	54648	1.0
429085252	83709	1.0
429085252	83709	1.0
430713872	9429	1.0
430713872	9429	1.0
430713872	3675	1.0
431278598	8163	1.0
431278598	67567	1.0
431278598	16255	1.0
436463140	152	5.0
436463140	13317	5.0
436463140	13317	5.0
436508182	1378	1.0
436508182	1378	1.0
436508182	1381	1.0
437062290	142856	1.0
437062290	142856	1.0
437062290	979	2.0
439869742	3758	2.0
439869742	3758	2.0
439869742	10693	2.0
441444339	40512	1.0
441444339	40512	1.0
441444339	16886	5.0
447441410	74764	1.0
447441410	10134	1.0
447441410	8168	1.0
447653120	90743	1.0
447653120	19321	1.0
447653120	19321	1.0
448230203	10534	1.0
448230203	46517	1.0
448230203	32218	1.0
450237550	8877	1.0
450237550	16375	2.0
450237550	1086	2.0
451609070	69471	1.0
451609070	69471	1.0
451609070	48970	3.0
452817995	10134	1.0
452817995	43506	1.0
452817995	14536	1.0
459100794	4812	1.0
459100794	7686	1.0
459100794	1390	2.0
460449722	28669	1.0
460449722	6566	2.0
460449722	6566	2.0
460722626	104821	2.0
460722626	18688	1.0
460722626	15665	2.0
464350763	36493	1.0
464350763	15697	1.0
464350763	6605	2.0
465482108	28975	1.0
465482108	28975	1.0
465482108	12167	3.0
466189679	9522	1.0
466189679	9495	4.0
466189679	9495	4.0
472675341	16375	1.0
472675341	5603	5.0
472675341	24938	1.0
474206580	97207	1.0
474206580	2515	2.0
474206580	14333	2.0
474317999	155971	2.0
474317999	96738	2.0
474317999	6288	4.0
478196758	21528	2.0
478196758	21528	2.0
478196758	4880	2.0
479813370	19355	1.0
479813370	24938	3.0
479813370	14417	1.0
482454451	4880	3.0
482454451	6291	2.0
482454451	16445	2.0
483160303	2515	3.0
483160303	8168	1.0
483160303	8168	1.0
484664965	13629	5.0
484664965	13629	5.0
484664965	101083	3.0
486469359	70275	5.0
486469359	25498	2.0
486469359	25498	2.0
486891659	16548	1.0
486891659	8263	3.0
486891659	84	1.0
490776248	13292	5.0
490776248	13292	5.0
490776248	26454	2.0
490777326	13629	1.0
490777326	348	2.0
490777326	44642	1.0
492796382	159134	3.0
492796382	90515	1.0
492796382	346444	1.0
493013492	1918	1.0
493013492	6291	1.0
493013492	11431	1.0
493136604	1039	2.0
493136604	1039	2.0
493136604	1046	1.0
495451963	2859	2.0
495451963	2859	2.0
495451963	2450	1.0
495463720	11431	1.0
495463720	17232	2.0
495463720	523	1.0
495878761	30062	2.0
495878761	6995	1.0
495878761	382	2.0
496847744	280414	5.0
496847744	280414	5.0
496847744	160988	1.0
498326851	456284	2.0
498326851	9500	1.0
498326851	96738	1.0
498418780	21528	5.0
498418780	4880	3.0
498418780	4880	3.0
500734113	43428	5.0
500734113	43428	5.0
500734113	1378	5.0
501219847	209047	2.0
501219847	2525	5.0
501219847	2525	5.0
504975148	10412	3.0
504975148	59641	3.0
504975148	59641	3.0
504986573	4812	4.0
504986573	43772	1.0
504986573	8168	2.0
505397720	6566	2.0
505397720	142923	1.0
505397720	19495	1.0
507500504	19000	1.0
507500504	13183	5.0
507500504	13183	5.0
508718017	3134	2.0
508718017	3134	2.0
508718017	24336	2.0
511152203	151355	1.0
511152203	3305	1.0
511152203	3305	1.0
514087425	61229	2.0
514087425	61229	2.0
514087425	2133	3.0
514344921	186657	1.0
514344921	27288	1.0
514344921	142923	2.0
514914684	15665	1.0
514914684	146431	1.0
514914684	6566	1.0
515275392	13316	5.0
515275392	76044	1.0
515275392	76044	1.0
516500661	6619	1.0
516500661	46713	1.0
516500661	33048	1.0
517102113	1034	1.0
517102113	4501	1.0
517102113	4501	1.0
518751200	32825	4.0
518751200	32825	4.0
518751200	5603	1.0
521701025	2573	1.0
521701025	2573	1.0
521701025	88720	1.0
521800912	159134	5.0
521800912	159134	5.0
521800912	159134	5.0
524751547	24938	5.0
524751547	24938	5.0
524751547	14417	1.0
525343812	6037	4.0
525343812	6037	4.0
525343812	46511	1.0
525513346	54648	1.0
525513346	43772	1.0
525513346	857	1.0
525890069	2573	5.0
525890069	6258	1.0
525890069	54	4.0
526679936	11751	2.0
526679936	11751	2.0
526679936	2420	1.0
527520747	30062	3.0
527520747	37140	1.0
527520747	6995	5.0
527578175	46802	2.0
527578175	46802	2.0
527578175	13425	1.0
528089498	274018	1.0
528089498	274018	1.0
528089498	523	2.0
530106705	4210	3.0
530106705	4210	3.0
530106705	800	4.0
530693675	34606	2.0
530693675	48953	2.0
530693675	48953	2.0
530906625	53223	1.0
530906625	30520	1.0
530906625	6494	1.0
531961286	14243	1.0
531961286	14243	1.0
531961286	1392	2.0
533898793	18628	1.0
533898793	131087	1.0
533898793	1553	1.0
533970003	44053	1.0
533970003	13317	1.0
533970003	13317	1.0
535163583	124451	5.0
535163583	124451	5.0
535163583	1934	1.0
536869497	54723	3.0
536869497	54723	3.0
536869497	9429	1.0
537734704	71382	1.0
537734704	126461	1.0
537734704	73000	1.0
538599328	30279	1.0
538599328	1869	2.0
538599328	1869	2.0
538753067	4880	1.0
538753067	30125	4.0
538753067	2573	1.0
540377756	11343	2.0
540377756	11343	2.0
540377756	30062	2.0
540406794	96782	2.0
540406794	8567	3.0
540406794	8567	3.0
540565506	215344	1.0
540565506	215344	1.0
540565506	137836	4.0
543949545	4987	3.0
543949545	4987	3.0
543949545	1020	4.0
544807570	90743	4.0
544807570	160528	2.0
544807570	160528	2.0
544809923	24938	4.0
544809923	23166	2.0
544809923	16886	1.0
546807911	74387	2.0
546807911	74387	2.0
546807911	2577	1.0
547447043	40041	2.0
547447043	2458	5.0
547447043	2458	5.0
552937542	28665	2.0
552937542	2515	2.0
552937542	14333	2.0
553197159	2349	1.0
553197159	29	1.0
553197159	29	1.0
553901136	96348	1.0
553901136	96348	1.0
553901136	4880	1.0
555834156	13183	2.0
555834156	24336	2.0
555834156	24336	2.0
556863348	4058	1.0
556863348	4058	1.0
556863348	382	1.0
557453975	30279	4.0
557453975	30279	4.0
557453975	13629	1.0
558092137	48529	5.0
558092137	48529	5.0
558092137	13629	5.0
559506857	87419	1.0
559506857	523	1.0
559506857	19910	1.0
561018785	14172	1.0
561018785	2177	1.0
561018785	857	1.0
563280684	74731	1.0
563280684	74731	1.0
563280684	2656	5.0
563703010	1338	1.0
563703010	17353	1.0
563703010	5107	1.0
564729304	37519	5.0
564729304	7387	1.0
564729304	7387	1.0
566996813	33895	2.0
566996813	33890	4.0
566996813	160528	2.0
567505407	23347	1.0
567505407	23347	1.0
567505407	8567	1.0
572773081	31421	1.0
572773081	53832	1.0
572773081	2515	1.0
575098049	112053	1.0
575098049	112053	1.0
575098049	184621	4.0
575770039	2656	2.0
575770039	2656	2.0
575770039	89930	1.0
576357378	3490	2.0
576357378	1552	1.0
576357378	1552	1.0
576573513	6258	5.0
576573513	2845	2.0
576573513	523	2.0
577709335	41441	1.0
577709335	41441	1.0
577709335	1350	1.0
578317381	30325	2.0
578317381	1223	1.0
578317381	383	2.0
578620394	11343	2.0
578620394	4880	1.0
578620394	4880	1.0
579281645	13325	1.0
579281645	13260	4.0
579281645	13317	2.0
579901674	11431	1.0
579901674	39459	1.0
579901674	42917	4.0
579988361	56613	4.0
579988361	2515	1.0
579988361	43718	2.0
583839784	9874	3.0
583839784	238711	2.0
583839784	6328	1.0
587813080	82131	2.0
587813080	82131	2.0
587813080	59732	1.0
589711264	209047	1.0
589711264	209047	1.0
589711264	161237	1.0
590834365	5796	1.0
590834365	32218	1.0
590834365	41441	1.0
591074449	152	1.0
591074449	152	1.0
591074449	3158	4.0
591941754	13361	5.0
591941754	13361	5.0
591941754	8926	2.0
592582485	86247	2.0
592582485	86247	2.0
592582485	4880	1.0
593433232	268532	1.0
593433232	268532	1.0
593433232	25038	2.0
593771073	41441	5.0
593771073	41441	5.0
593771073	523	2.0
595219921	8595	1.0
595219921	8595	1.0
595219921	16255	2.0
597058187	13325	5.0
597058187	13325	5.0
597058187	15368	2.0
597158806	171054	1.0
597158806	2707	5.0
597158806	2177	1.0
597646361	8567	1.0
597646361	39502	1.0
597646361	523	1.0
597731064	84	1.0
597731064	7341	1.0
597731064	83699	1.0
599443929	7358	5.0
599443929	13629	3.0
599443929	13629	3.0
599454592	6442	2.0
599454592	763377	2.0
599454592	2133	1.0
600442673	13758	1.0
600442673	10534	1.0
600442673	10534	1.0
600534487	131087	1.0
600534487	83709	1.0
600534487	34606	1.0
601111830	1350	2.0
601111830	1350	2.0
601111830	2133	3.0
601959653	153224	2.0
601959653	28665	2.0
601959653	28665	2.0
603197685	131087	1.0
603197685	131087	1.0
603197685	83709	3.0
604082196	155971	5.0
604082196	6328	2.0
604082196	6442	1.0
604131877	86387	1.0
604131877	86387	1.0
604131877	151355	2.0
604867131	15368	4.0
604867131	30884	4.0
604867131	4692	2.0
606737151	13434	1.0
606737151	13434	1.0
606737151	13449	2.0
607641012	152	3.0
607641012	17816	1.0
607641012	17816	1.0
611126272	76002	1.0
611126272	76002	1.0
611126272	76002	1.0
615103276	159134	3.0
615103276	159134	3.0
615103276	22513	1.0
615562248	2573	4.0
615562248	2594	5.0
615562248	2594	5.0
618432417	2616	4.0
618432417	22011	5.0
618432417	19355	3.0
619683761	4058	3.0
619683761	4860	1.0
619683761	8168	1.0
620144598	2416	1.0
620144598	2416	1.0
620144598	1086	2.0
620761138	52132	2.0
620761138	52132	2.0
620761138	11372	1.0
621660182	46713	5.0
621660182	46713	5.0
621660182	53223	4.0
624228722	1856	5.0
624228722	1856	5.0
624228722	1878	1.0
624612083	74731	5.0
624612083	74731	5.0
624612083	10200	3.0
625621167	2859	1.0
625621167	1086	1.0
625621167	1086	1.0
627240566	32692	2.0
627240566	32692	1.0
627240566	395	2.0
628900679	86247	1.0
628900679	4812	1.0
628900679	348	1.0
632435154	46594	5.0
632435154	46594	5.0
632435154	51464	1.0
632999155	20883	4.0
632999155	20883	4.0
632999155	104175	4.0
633760506	28145	1.0
633760506	9500	1.0
633760506	26454	1.0
638251998	3730	2.0
638251998	1069	2.0
638251998	1086	1.0
641071018	979	1.0
641071018	43420	2.0
641071018	8542	5.0
642820818	183141	5.0
642820818	183141	5.0
642820818	13425	1.0
643753222	297827	5.0
643753222	297827	5.0
643753222	69736	1.0
645259527	1654	1.0
645259527	8168	2.0
645259527	8168	2.0
645924155	9500	4.0
645924155	16970	1.0
645924155	18692	5.0
647911673	22470	1.0
647911673	22470	1.0
647911673	48915	4.0
648270201	14172	1.0
648270201	19323	1.0
648270201	101083	1.0
649816497	10563	4.0
649816497	38813	2.0
649816497	38813	2.0
651894987	32825	1.0
651894987	32825	1.0
651894987	18748	5.0
651962334	9500	2.0
651962334	13287	1.0
651962334	86387	3.0
655628514	26951	4.0
655628514	18748	2.0
655628514	18748	2.0
656932423	274018	5.0
656932423	274018	5.0
656932423	36493	1.0
658455932	51473	1.0
658455932	51473	1.0
658455932	32218	1.0
659404606	72319	2.0
659404606	62394	4.0
659404606	12167	1.0
660773401	4880	1.0
660773401	6291	2.0
660773401	9765	1.0
661364253	70218	2.0
661364253	7956	2.0
661364253	110000	2.0
663728302	12167	1.0
663728302	857	1.0
663728302	25038	2.0
664923509	1338	1.0
664923509	192931	1.0
664923509	383	1.0
667680503	10200	1.0
667680503	1414	3.0
667680503	7695	1.0
671873324	9500	5.0
671873324	22502	1.0
671873324	14423	1.0
672413013	28669	2.0
672413013	996	2.0
672413013	996	2.0
673196067	13629	1.0
673196067	13629	1.0
673196067	13425	1.0
673975618	1878	5.0
673975618	2594	2.0
673975618	2594	2.0
675111029	4880	2.0
675111029	9456	2.0
675111029	4772	1.0
676494865	2525	1.0
676494865	2525	1.0
676494865	13260	1.0
677724452	26029	5.0
677724452	24336	1.0
677724452	24336	1.0
678541672	4580	1.0
678541672	59641	1.0
678541672	59641	1.0
680423182	258068	4.0
680423182	258068	4.0
680423182	183141	1.0
680685090	6131	2.0
680685090	268532	1.0
680685090	3333	2.0
681162734	22502	1.0
681162734	1390	1.0
681162734	14333	3.0
683573326	4457	5.0
683573326	4457	5.0
683573326	6291	2.0
684904451	13284	2.0
684904451	6442	2.0
684904451	2858	3.0
685283417	18628	2.0
685283417	18628	2.0
685283417	1069	5.0
685339250	9805	3.0
685339250	395	2.0
685339250	382	3.0
686332912	124451	1.0
686332912	18748	2.0
686332912	2911	1.0
689741393	37140	1.0
689741393	37140	1.0
689741393	2199	1.0
690005532	6328	1.0
690005532	12167	2.0
690005532	523	3.0
690372315	74764	5.0
690372315	186657	3.0
690372315	142856	2.0
695030721	63054	5.0
695030721	63054	5.0
695030721	16979	2.0
696930865	13434	5.0
696930865	13449	5.0
696930865	13449	5.0
697413563	152	5.0
697413563	152	5.0
697413563	5603	2.0
697589703	33739	2.0
697589703	1381	1.0
697589703	43506	2.0
701096987	1869	4.0
701096987	523	1.0
701096987	523	1.0
701232175	89799	1.0
701232175	391	1.0
701232175	391	1.0
702693747	406476	1.0
702693747	2133	4.0
702693747	6524	3.0
702996047	2911	4.0
702996047	869	1.0
702996047	869	1.0
706879916	159134	1.0
706879916	280427	1.0
706879916	13260	1.0
709805595	16548	1.0
709805595	2416	5.0
709805595	2416	5.0
710001629	8877	5.0
710001629	8877	5.0
710001629	8877	5.0
710603713	6619	5.0
710603713	46713	2.0
710603713	33048	3.0
710725396	1393	1.0
710725396	996	2.0
710725396	996	2.0
710770196	95549	2.0
710770196	95549	2.0
710770196	258068	1.0
711425980	3605	4.0
711425980	3605	4.0
711425980	6131	1.0
711670149	69461	2.0
711670149	48915	2.0
711670149	9439	2.0
714265444	3307	1.0
714265444	28923	1.0
714265444	16886	3.0
715085424	41441	2.0
715085424	8046	1.0
715085424	5107	1.0
715452935	41441	2.0
715452935	41441	2.0
715452935	6442	1.0
715808770	51473	4.0
715808770	2602	1.0
715808770	2602	1.0
716942030	41418	1.0
716942030	41418	1.0
716942030	1041	3.0
719618244	10537	1.0
719618244	297827	1.0
719618244	43428	1.0
721508018	71382	1.0
721508018	4880	2.0
721508018	73000	1.0
723395546	42986	2.0
723395546	11431	1.0
723395546	4873	5.0
724352344	8877	1.0
724352344	8877	1.0
724352344	171054	2.0
724863055	31421	5.0
724863055	30079	2.0
724863055	30079	2.0
725399615	1378	2.0
725399615	337984	1.0
725399615	62661	1.0
729149063	31438	5.0
729149063	21528	1.0
729149063	4880	1.0
729423723	14423	1.0
729423723	2515	3.0
729423723	8168	1.0
730525824	2349	2.0
730525824	29	2.0
730525824	29	2.0
731199748	112033	2.0
731199748	6566	3.0
731199748	54648	4.0
732445082	6488	1.0
732445082	119277	2.0
732445082	22513	2.0
732709865	20607	1.0
732709865	140395	1.0
732709865	28665	2.0
735253417	10537	5.0
735253417	163	1.0
735253417	188	4.0
736242182	48529	1.0
736242182	29017	2.0
736242182	25819	2.0
737430328	13325	3.0
737430328	13325	3.0
737430328	12167	4.0
739717948	4529	1.0
739717948	140395	1.0
739717948	28665	2.0
741232259	4987	5.0
741232259	5603	1.0
741232259	5603	1.0
741776705	8567	1.0
741776705	8567	1.0
741776705	996	1.0
742279010	126461	1.0
742279010	39459	1.0
742279010	145657	1.0
742974803	5796	1.0
742974803	29	1.0
742974803	2515	1.0
743072016	67567	2.0
743072016	5087	3.0
743072016	1338	5.0
743940758	54	4.0
743940758	2515	3.0
743940758	8168	2.0
746951380	5603	1.0
746951380	24938	2.0
746951380	28923	1.0
747488973	76002	1.0
747488973	112033	1.0
747488973	112033	1.0
749156252	1118	1.0
749156252	1118	1.0
749156252	1562	2.0
749695485	996	4.0
749695485	996	4.0
749695485	34575	1.0
750212304	7695	1.0
750212304	7695	1.0
750212304	6442	1.0
750922791	1378	3.0
750922791	1393	1.0
750922791	1393	1.0
756781440	96348	4.0
756781440	13287	4.0
756781440	6566	5.0
757623980	105819	1.0
757623980	23092	5.0
757623980	23092	5.0
758264846	124451	2.0
758264846	1681	1.0
758264846	1681	1.0
759837971	188	2.0
759837971	32692	1.0
759837971	5753	2.0
762259511	32218	2.0
762259511	8625	2.0
762259511	14935	1.0
763682110	52132	2.0
763682110	20883	4.0
763682110	20883	4.0
764805265	20607	1.0
764805265	2573	5.0
764805265	13317	1.0
770215129	4580	1.0
770215129	6131	1.0
770215129	7695	1.0
770413906	48529	1.0
770413906	40512	1.0
770413906	40512	1.0
771008832	21528	5.0
771008832	4880	5.0
771008832	4880	5.0
771897777	2525	2.0
771897777	2525	2.0
771897777	96738	5.0
772015228	48377	4.0
772015228	186657	5.0
772015228	29630	1.0
773104319	4255	3.0
773104319	23166	1.0
773104319	23166	1.0
775221961	9965	5.0
775221961	1069	2.0
775221961	3631	3.0
776004344	8877	2.0
776004344	8877	2.0
776004344	1094	4.0
776124609	131087	2.0
776124609	8046	2.0
776124609	1348	3.0
776403236	1869	2.0
776403236	29017	5.0
776403236	29	2.0
777207860	1934	4.0
777207860	1934	4.0
777207860	4058	4.0
777581294	1654	1.0
777581294	391	2.0
777581294	391	2.0
778303423	2420	1.0
778303423	29	3.0
778303423	29	3.0
778526748	13284	1.0
778526748	46594	2.0
778526748	46594	2.0
781116906	4812	2.0
781116906	4058	1.0
781116906	395	2.0
781805436	13629	2.0
781805436	13629	2.0
781805436	2845	3.0
782115578	1878	1.0
782115578	27288	1.0
782115578	40912	1.0
783848715	4501	2.0
783848715	4501	2.0
783848715	32218	1.0
784465980	5238	5.0
784465980	5238	5.0
784465980	13629	1.0
790086586	72319	5.0
790086586	72319	5.0
790086586	1350	1.0
790334928	184898	5.0
790334928	184898	5.0
790334928	386543	5.0
790824775	19321	5.0
790824775	19321	5.0
790824775	13416	4.0
790829405	1921	4.0
790829405	1921	4.0
790829405	1837	1.0
792754670	13176	3.0
792754670	13176	3.0
792754670	159118	3.0
793803446	750	2.0
793803446	9522	1.0
793803446	9522	1.0
796146817	32218	1.0
796146817	32218	1.0
796146817	1223	1.0
797987952	4457	1.0
797987952	4457	1.0
797987952	131073	4.0
798415097	76002	1.0
798415097	78067	1.0
798415097	89930	1.0
799440253	33895	1.0
799440253	33890	1.0
799440253	160528	1.0
799700883	36493	3.0
799700883	29202	4.0
799700883	29202	4.0
800770331	1378	2.0
800770331	1378	2.0
800770331	337984	1.0
801984249	879	3.0
801984249	99438	4.0
801984249	99438	4.0
802097038	21970	4.0
802097038	40512	5.0
802097038	54223	1.0
805361388	6291	5.0
805361388	6291	5.0
805361388	391	2.0
807788592	9500	5.0
807788592	4880	1.0
807788592	4860	1.0
810591255	407742	5.0
810591255	407742	5.0
810591255	10412	1.0
811683976	22011	1.0
811683976	22011	1.0
811683976	13316	1.0
812393633	1918	1.0
812393633	1918	1.0
812393633	4058	1.0
813934312	7870	1.0
813934312	7870	1.0
813934312	857	1.0
819224648	11431	1.0
819224648	11431	1.0
819224648	4042	1.0
821290044	5603	1.0
821290044	14417	4.0
821290044	14417	4.0
822341291	4880	3.0
822341291	4880	3.0
822341291	30125	3.0
825965064	33048	1.0
825965064	7870	1.0
825965064	28665	4.0
829850173	738	1.0
829850173	738	1.0
829850173	391	5.0
831041150	63054	2.0
831041150	63054	2.0
831041150	67567	3.0
832170969	13292	1.0
832170969	1069	1.0
832170969	1553	4.0
834747841	1918	5.0
834747841	1390	1.0
834747841	1844	5.0
836607961	16548	5.0
836607961	16548	5.0
836607961	1086	1.0
839078021	3749	2.0
839078021	16375	5.0
839078021	16375	5.0
839761816	33890	1.0
839761816	158968	1.0
839761816	258068	1.0
840734716	39891	1.0
840734716	1390	2.0
840734716	1390	2.0
840967742	21970	1.0
840967742	144952	4.0
840967742	5238	1.0
842201109	6494	5.0
842201109	6442	5.0
842201109	6442	5.0
844811417	62661	5.0
844811417	1393	2.0
844811417	1350	4.0
845026329	28665	1.0
845026329	16445	1.0
845026329	4860	2.0
845806248	30325	1.0
845806248	30325	1.0
845806248	331	2.0
848603860	1723	1.0
848603860	7421	1.0
848603860	22	1.0
848803466	13260	1.0
848803466	13260	1.0
848803466	86387	1.0
849137244	1089	1.0
849137244	1089	1.0
849137244	5764331	1.0
849835133	95549	5.0
849835133	95549	5.0
849835133	1350	2.0
850047135	52310	1.0
850047135	13325	3.0
850047135	46517	1.0
851000487	40668	1.0
851000487	40668	1.0
851000487	1223	2.0
854173278	28669	5.0
854173278	28669	5.0
854173278	184621	1.0
855149744	52310	2.0
855149744	16548	1.0
855149744	142880	1.0
857881455	46594	1.0
857881455	62661	2.0
857881455	932	1.0
859397759	2573	1.0
859397759	8046	3.0
859397759	5605	4.0
862479882	184621	4.0
862479882	184621	4.0
862479882	7695	4.0
863994703	39856	1.0
863994703	53223	2.0
863994703	30520	4.0
865388438	6467	1.0
865388438	6467	1.0
865388438	391	1.0
865949645	6566	1.0
865949645	6566	1.0
865949645	2656	1.0
866307762	82131	1.0
866307762	19000	5.0
866307762	53223	1.0
866484561	23092	1.0
866484561	23092	1.0
866484561	23092	1.0
867751435	8877	5.0
867751435	8877	5.0
867751435	2525	1.0
868457018	4880	5.0
868457018	4880	5.0
868457018	372	1.0
868563954	1086	5.0
868563954	1086	5.0
868563954	1086	5.0
868580920	8168	1.0
868580920	6605	2.0
868580920	7942	1.0
868803222	30520	2.0
868803222	6494	1.0
868803222	6442	2.0
869938313	146431	3.0
869938313	9500	2.0
869938313	9456	2.0
870285283	1934	1.0
870285283	2949	1.0
870285283	331	1.0
870945914	52310	5.0
870945914	6566	2.0
870945914	87248	4.0
871722267	2911	1.0
871722267	30325	1.0
871722267	6288	1.0
876224855	6131	2.0
876224855	46802	2.0
876224855	2055	1.0
877708007	112033	2.0
877708007	112033	2.0
877708007	32692	2.0
880424212	35855	1.0
880424212	30062	1.0
880424212	30062	1.0
882373622	140395	1.0
882373622	140395	1.0
882373622	20559	1.0
882515278	261463	5.0
882515278	261463	5.0
882515278	353568	1.0
884912554	37087	2.0
884912554	32977	4.0
884912554	32977	4.0
886655515	37140	1.0
886655515	37140	1.0
886655515	11372	1.0
887330632	28145	1.0
887330632	28145	1.0
887330632	1548	2.0
887425704	4580	3.0
887425704	40912	3.0
887425704	6131	2.0
887473426	4880	1.0
887473426	40668	4.0
887473426	40668	4.0
887788287	1869	5.0
887788287	1869	5.0
887788287	2349	3.0
891713073	4812	1.0
891713073	4812	1.0
891713073	2055	1.0
892014247	2656	1.0
892014247	89930	1.0
892014247	932	1.0
892281390	19000	2.0
892281390	3158	1.0
892281390	3134	2.0
896086770	7935	2.0
896086770	3339	3.0
896086770	3339	3.0
896621261	8595	5.0
896621261	8595	5.0
896621261	13361	1.0
896737771	19321	1.0
896737771	19321	1.0
896737771	1548	2.0
897477229	209047	5.0
897477229	69461	2.0
897477229	46	3.0
898710589	96738	1.0
898710589	173202	1.0
898710589	173202	1.0
900254786	82131	5.0
900254786	82131	5.0
900254786	353	2.0
900904289	386543	2.0
900904289	386543	2.0
900904289	184898	2.0
901124502	36837	1.0
901124502	331	5.0
901124502	2780	4.0
902243410	33895	1.0
902243410	33895	1.0
902243410	160528	1.0
904856456	86666	1.0
904856456	268532	5.0
904856456	268532	5.0
905128826	36837	1.0
905128826	36767	1.0
905128826	30325	1.0
905498786	19355	1.0
905498786	19946	2.0
905498786	21611	4.0
907030569	5603	2.0
907030569	3305	1.0
907030569	3305	1.0
908466192	4860	1.0
908466192	54	1.0
908466192	2515	3.0
911324648	70275	2.0
911324648	70275	2.0
911324648	30520	1.0
917343605	1654	2.0
917343605	1654	2.0
917343605	2845	2.0
917751398	21528	1.0
917751398	4880	5.0
917751398	4880	5.0
917894963	4457	1.0
917894963	4457	1.0
917894963	43428	3.0
918824840	44053	5.0
918824840	6488	4.0
918824840	6488	4.0
919439100	35376	3.0
919439100	123774	1.0
919439100	123774	1.0
919697435	76044	1.0
919697435	9522	1.0
919697435	86387	1.0
919914249	146431	1.0
919914249	78067	1.0
919914249	53915	1.0
920632088	6494	3.0
920632088	6442	5.0
920632088	763377	2.0
920649410	1138	4.0
920649410	374	4.0
920649410	1138	4.0
920798425	11751	5.0
920798425	7362	1.0
920798425	262	2.0
924384285	2450	3.0
924384285	2450	3.0
924384285	3134	5.0
927402278	2450	1.0
927402278	24938	1.0
927402278	25819	2.0
927493091	337984	4.0
927493091	337984	4.0
927493091	41441	1.0
930933331	40041	5.0
930933331	2525	1.0
930933331	2458	4.0
931411372	22025	2.0
931411372	5603	2.0
931411372	348	1.0
932970239	7729	1.0
932970239	7729	1.0
932970239	63054	1.0
935740334	31438	1.0
935740334	31438	1.0
935740334	15400	1.0
936986938	1856	1.0
936986938	1856	1.0
936986938	17816	5.0
937147281	23347	4.0
937147281	23347	4.0
937147281	424	3.0
942260912	8046	2.0
942260912	9429	2.0
942260912	9429	2.0
943251384	7387	5.0
943251384	70632	4.0
943251384	1934	4.0
943496822	74764	1.0
943496822	54	2.0
943496822	54	2.0
946516729	5603	1.0
946516729	5603	1.0
946516729	7695	2.0
946775412	131087	1.0
946775412	1548	3.0
946775412	1654	2.0
947178182	146431	3.0
947178182	9522	5.0
947178182	48915	1.0
950370294	96348	2.0
950370294	13325	3.0
950370294	86387	2.0
952843341	161237	4.0
952843341	161237	4.0
952843341	72868	1.0
954780357	153224	1.0
954780357	28665	1.0
954780357	14316	1.0
956217729	86666	1.0
956217729	159134	1.0
956217729	29630	1.0
957406107	146431	4.0
957406107	16255	1.0
957406107	9456	2.0
959626557	8595	1.0
959626557	8595	1.0
959626557	6467	1.0
960169655	131073	2.0
960169655	32245	1.0
960169655	2133	2.0
962701469	523	2.0
962701469	523	2.0
962701469	523	2.0
964494726	28145	5.0
964494726	28145	5.0
964494726	5603	2.0
965012036	119277	2.0
965012036	119277	2.0
965012036	6328	1.0
968488419	6086	5.0
968488419	72319	2.0
968488419	72319	2.0
971816886	171054	5.0
971816886	1069	2.0
971816886	9372	2.0
974672789	39856	1.0
974672789	76044	5.0
974672789	42986	1.0
974967059	337984	2.0
974967059	1381	1.0
974967059	51464	2.0
975533430	1020	1.0
975533430	46517	1.0
975533430	46517	1.0
977410339	1548	3.0
977410339	890	1.0
977410339	331	2.0
977415150	37519	1.0
977415150	9522	2.0
977415150	15368	1.0
978063780	9500	2.0
978063780	18692	2.0
978063780	16979	1.0
981167332	31438	1.0
981167332	39856	1.0
981167332	21528	1.0
981509450	297827	2.0
981509450	33895	5.0
981509450	33895	5.0
983571700	37519	3.0
983571700	159525	1.0
983571700	14423	5.0
988078047	86666	5.0
988078047	22470	1.0
988078047	7853	2.0
989038486	28669	5.0
989038486	28669	5.0
989038486	66255	2.0
989252528	53173	2.0
989252528	348	2.0
989252528	348	2.0
989680496	2450	1.0
989680496	2450	1.0
989680496	890	1.0
990973627	43428	2.0
990973627	1378	2.0
990973627	1378	2.0
993700066	1034	1.0
993700066	8287	1.0
993700066	2079	2.0
995313007	21674	4.0
995313007	112033	3.0
995313007	66255	5.0
995697420	71382	2.0
995697420	71382	2.0
995697420	19355	4.0
997198723	4812	1.0
997198723	6291	1.0
997198723	14788	1.0
997837695	4058	2.0
997837695	15697	3.0
997837695	48920	3.0
998628971	69736	3.0
998628971	979	2.0
998628971	11379	4.0
999095603	13292	1.0
999095603	13292	1.0
999095603	19355	1.0
